description,price,bioequivalent,image_url,chain,searched_drug
Geniol Infantil Paracetamol 100 mg/mL Gotas 15 mL,2590.0,paracetamol,https://beta.cruzverde.cl/dw/image/v2/BDPM_PRD/on/demandware.static/-/Sites-masterCatalog_Chile/default/dw01b4fb56/images/large/256767-geniol-infantil-gotas-15-ml-paracetamol-100-mg-ml.jpg?sw=295&sh=295,Cruz Verde,paracetamol
Geniol Adultos Paracetamol 500 mg 20 Comprimidos,990.0,paracetamol,https://beta.cruzverde.cl/dw/image/v2/BDPM_PRD/on/demandware.static/-/Sites-masterCatalog_Chile/default/dw6ff1f78a/images/large/260536-geniol-adultos-analgesico-antipiretico-comprimido-20-unidades-paracetamol-500-mg.jpg?sw=295&sh=295,Cruz Verde,paracetamol
Tapsin Paracetamol 100 mg/ml Gotas 15 mL,2890.0,paracetamol,https://beta.cruzverde.cl/dw/image/v2/BDPM_PRD/on/demandware.static/-/Sites-masterCatalog_Chile/default/dwb3d6b394/images/large/72127-tapsin-gotas-15-ml-paracetamol-100-mg-ml.jpg?sw=295&sh=295,Cruz Verde,paracetamol
Gesidol Paracetamol 1 gr 20 Comprimidos,7190.0,paracetamol,https://beta.cruzverde.cl/dw/image/v2/BDPM_PRD/on/demandware.static/-/Sites-masterCatalog_Chile/default/dw0938b498/images/large/392102-gesidol-paracetamol-1-gr-20-comprimidos.jpg?sw=295&sh=295,Cruz Verde,paracetamol
Alividol Paracetamol 1000 mg 20 comprimidos,7207.0,paracetamol,https://beta.cruzverde.cl/dw/image/v2/BDPM_PRD/on/demandware.static/-/Sites-masterCatalog_Chile/default/dwd4eb83c0/images/large/541879-alividol-paracetamol-1000-mg-20-comprimidos.jpg?sw=295&sh=295,Cruz Verde,paracetamol
Alividol Paracetamol 500 mg 24 comprimido,990.0,paracetamol,https://beta.cruzverde.cl/dw/image/v2/BDPM_PRD/on/demandware.static/-/Sites-masterCatalog_Chile/default/dwffc30445/images/large/536642-alividol-paracetamol-500-mg-24-comprimido.png?sw=295&sh=295,Cruz Verde,paracetamol
Tapsin Puro Sin Cafeina Paracetamol 500 mg 16 Comprimidos,1190.0,paracetamol,https://beta.cruzverde.cl/dw/image/v2/BDPM_PRD/on/demandware.static/-/Sites-masterCatalog_Chile/default/dw0a03b750/images/large/266050-tapsin-puro-sin-cafeina-comprimido-16-unidades-paracetamol-500-mg.jpg?sw=295&sh=295,Cruz Verde,paracetamol
Geniol Caliente Noche Paracetamol 400 mg SoluciÃ³n Oral 1 Sobre,607.0,paracetamol,https://beta.cruzverde.cl/dw/image/v2/BDPM_PRD/on/demandware.static/-/Sites-masterCatalog_Chile/default/dw337db8a3/images/large/260734-geniol-caliente-noche-sobre-solucion-oral-paracetamol-50-mg.jpg?sw=295&sh=295,Cruz Verde,paracetamol
Geniol Caliente DÃ­a Paracetamol 400 mg SoluciÃ³n Oral 1 Sobre,607.0,paracetamol,https://beta.cruzverde.cl/dw/image/v2/BDPM_PRD/on/demandware.static/-/Sites-masterCatalog_Chile/default/dw18f90ad6/images/large/260733-geniol-caliente-dia-sobre-solucion-oral-paracetamol-400-mg.jpg?sw=295&sh=295,Cruz Verde,paracetamol
Predual 10 Comprimidos,1890.0,paracetamol,https://beta.cruzverde.cl/dw/image/v2/BDPM_PRD/on/demandware.static/-/Sites-masterCatalog_Chile/default/dw9285c943/images/large/13199-predual-10-comprimidos.jpg?sw=295&sh=295,Cruz Verde,paracetamol
Tapsin M MigraÃ±a Paracetamol 400 mg CafeÃ­na 33 mg 10 Comprimidos,1990.0,paracetamol,https://beta.cruzverde.cl/dw/image/v2/BDPM_PRD/on/demandware.static/-/Sites-masterCatalog_Chile/default/dwe7915ca3/images/large/290830-tapsin-m-aas(aspirina)-65-mg-10-comprimidos.jpg?sw=295&sh=295,Cruz Verde,paracetamol
Tapsin Plus Noche Paracetamol 650 mg SoluciÃ³n Oral 1 Sobre,660.0,paracetamol,https://beta.cruzverde.cl/dw/image/v2/BDPM_PRD/on/demandware.static/-/Sites-masterCatalog_Chile/default/dwd5ad7c45/images/large/72203-tapsin-plus-noche-paract-50-mg-solucion-oral-1-sobre.jpg?sw=295&sh=295,Cruz Verde,paracetamol
Tapsin NiÃ±os Paracetamol 160 mg 16 Comprimidos Masticables,2390.0,paracetamol,https://beta.cruzverde.cl/dw/image/v2/BDPM_PRD/on/demandware.static/-/Sites-masterCatalog_Chile/default/dw0b5fa736/images/large/72214-tapsin-ninos-paracetamol-160-mg-16-comprimidos-masticable.jpg?sw=295&sh=295,Cruz Verde,paracetamol
Tapsin DÃ­a-Noche Plus Paracetamol 400 mg 18 Comprimidos Recubiertos,3590.0,paracetamol,https://beta.cruzverde.cl/dw/image/v2/BDPM_PRD/on/demandware.static/-/Sites-masterCatalog_Chile/default/dwfefdf0e9/images/large/254625-tapsin-dia-noche-+-plus-antigripal-comprimido-recubierto-18-unidades-paract-50-mg.jpg?sw=295&sh=295,Cruz Verde,paracetamol
Panadol NiÃ±os Paracetamol 160 mg / 5 mL Jarabe 90 mL,8390.0,paracetamol,https://beta.cruzverde.cl/dw/image/v2/BDPM_PRD/on/demandware.static/-/Sites-masterCatalog_Chile/default/dwaa17e7b1/images/large/524760-panadol-ni%C3%B1os.jpg?sw=295&sh=295,Cruz Verde,paracetamol
Tapsin Plus DÃ­a Paracetamol 650 mg SoluciÃ³n Oral 1 Sobre,660.0,paracetamol,https://beta.cruzverde.cl/dw/image/v2/BDPM_PRD/on/demandware.static/-/Sites-masterCatalog_Chile/default/dw1730f57e/images/large/72202-tapsin-plus-dia-paract-650-mg-solucion-oral-1-sobre.jpg?sw=295&sh=295,Cruz Verde,paracetamol
Tapsin Forte Paracetamol 650 mg 20 Comprimidos Recubiertos,2690.0,paracetamol,https://beta.cruzverde.cl/dw/image/v2/BDPM_PRD/on/demandware.static/-/Sites-masterCatalog_Chile/default/dw7a9a41e5/images/large/258320-tapsin-forte-comprimido-recubierto-20-unidades-paracetamol-650-mg.jpg?sw=295&sh=295,Cruz Verde,paracetamol
Tapsin Periodo Pamabrom 25 mg 12 Comprimidos,1590.0,paracetamol,https://beta.cruzverde.cl/dw/image/v2/BDPM_PRD/on/demandware.static/-/Sites-masterCatalog_Chile/default/dwcec0a00b/images/large/259891-tapsin-periodo-alivia-el-dolor-y-deshincha-comprimido-12-unidades-paracetamol-25-mg.jpg?sw=295&sh=295,Cruz Verde,paracetamol
Tapsin 1000 SC Paracetamol 1000 mg 20 Comprimidos Recubiertos,6152.0,paracetamol,https://beta.cruzverde.cl/dw/image/v2/BDPM_PRD/on/demandware.static/-/Sites-masterCatalog_Chile/default/dwddc39161/images/large/383406-tapsin-1000-sc-paracetamol-1000-mg-20-comprimidos-recubiertos.jpg?sw=295&sh=295,Cruz Verde,paracetamol
Xumadol Paracetamol 1000 mg 20 Comprimidos,7912.0,paracetamol,https://beta.cruzverde.cl/dw/image/v2/BDPM_PRD/on/demandware.static/-/Sites-masterCatalog_Chile/default/dw7c103e30/images/large/266145-xumadol-comprimido-20-unidades-paracetamol-1000-mg.jpg?sw=295&sh=295,Cruz Verde,paracetamol
"Doloten Tramadol 37,5 mg 30 Comprimidos Recubiertos",15192.0,paracetamol,https://beta.cruzverde.cl/dw/image/v2/BDPM_PRD/on/demandware.static/-/Sites-masterCatalog_Chile/default/dwd7534ef6/images/large/258403-doloten-comprimido-recubierto-30-unidades-tramadol-375-mg.jpg?sw=295&sh=295,Cruz Verde,paracetamol
Nastizol Compuesto Pseudoefedrina 30 mg/5 ml Jarabe 100 mL,9086.0,paracetamol,https://beta.cruzverde.cl/dw/image/v2/BDPM_PRD/on/demandware.static/-/Sites-masterCatalog_Chile/default/dwcd6cf0bc/images/large/9051-nastizol-compuesto-jarabe-100-ml-pseudoef-30-mg-5ml.jpg?sw=295&sh=295,Cruz Verde,paracetamol
Desdol Clorzoxazona 300 mg 20 Comprimidos,7896.0,paracetamol,https://beta.cruzverde.cl/dw/image/v2/BDPM_PRD/on/demandware.static/-/Sites-masterCatalog_Chile/default/dw5253bd7d/images/large/27176-desdol-clorzoxazona-300-mg-20-comprimidos.jpg?sw=295&sh=295,Cruz Verde,paracetamol
Brevex Paracetamol 300 mg 20 Comprimidos Recubiertos,11636.0,paracetamol,https://beta.cruzverde.cl/dw/image/v2/BDPM_PRD/on/demandware.static/-/Sites-masterCatalog_Chile/default/dw539f7e42/images/large/9113-brevex-comprimido-recubierto-20-unidades-clorzoxazona-300-mg.jpg?sw=295&sh=295,Cruz Verde,paracetamol
Nastizol Compuesto Pseudoefedrina 60 mg 10 Comprimidos,4921.0,paracetamol,https://beta.cruzverde.cl/dw/image/v2/BDPM_PRD/on/demandware.static/-/Sites-masterCatalog_Chile/default/dw897b6bd9/images/large/9088-nastizol-compuesto-comprimido-recubierto-10-unidades-pseudoef-60-mg.jpg?sw=295&sh=295,Cruz Verde,paracetamol
Nastizol DÃ­a-Noche Pseudoefedrina 60 mg 18 Comprimidos,3561.0,paracetamol,https://beta.cruzverde.cl/dw/image/v2/BDPM_PRD/on/demandware.static/-/Sites-masterCatalog_Chile/default/dw3742cfad/images/large/9212-nastizol-dia---noche-pseudoef-60-mg-18-comprimidos.jpg?sw=295&sh=295,Cruz Verde,paracetamol
Geniol Flu Pseudoefedrina 30 mg Jarabe 100 mL,5290.0,paracetamol,https://beta.cruzverde.cl/dw/image/v2/BDPM_PRD/on/demandware.static/-/Sites-masterCatalog_Chile/default/dwa75724d1/images/large/268732-geniol-flu-jarabe-100-ml-pseudoef-30-mg-5ml.jpg?sw=295&sh=295,Cruz Verde,paracetamol
Trio-Val Paracetamol 120 mg Gotas 15 mL,14423.0,paracetamol,https://beta.cruzverde.cl/dw/image/v2/BDPM_PRD/on/demandware.static/-/Sites-masterCatalog_Chile/default/dwf20f6b42/images/large/6105-trio-val-pseudoefedrina-75-mg-gotas-15-ml.jpg?sw=295&sh=295,Cruz Verde,paracetamol
Paracetamol 500 mg 16 Comprimidos,818.0,paracetamol,https://beta.cruzverde.cl/dw/image/v2/BDPM_PRD/on/demandware.static/-/Sites-masterCatalog_Chile/default/dw0e11d4d8/images/large/272241-paracetamol-500-mg-16-comprimidos.jpg?sw=295&sh=295,Cruz Verde,paracetamol
Gesidol Infantil Paracetamol 120 mg / 5 mL Jarabe 100 mL,9231.0,paracetamol,https://beta.cruzverde.cl/dw/image/v2/BDPM_PRD/on/demandware.static/-/Sites-masterCatalog_Chile/default/dwa92fe122/images/large/ND.jpg?sw=295&sh=295,Cruz Verde,paracetamol
Trio-Val Pseudoefedrina 30 mg SuspensiÃ³n Oral 100 mL,14159.0,paracetamol,https://beta.cruzverde.cl/dw/image/v2/BDPM_PRD/on/demandware.static/-/Sites-masterCatalog_Chile/default/dw88f428de/images/large/6058-trio-val-suspension-100-ml-pseudoef-30-mg.jpg?sw=295&sh=295,Cruz Verde,paracetamol
"Zafin Tramadol 37,5 mg 28 Comprimidos Recubiertos",25511.0,paracetamol,https://beta.cruzverde.cl/dw/image/v2/BDPM_PRD/on/demandware.static/-/Sites-masterCatalog_Chile/default/dw7a242216/images/large/252758-zafin-comprimido-recubierto-28-unidades-tramadol-375-mg.jpg?sw=295&sh=295,Cruz Verde,paracetamol
Xumadol Paracetamol 1000 mg 20 Sobres Efervecente Granulado,8916.0,paracetamol,https://beta.cruzverde.cl/dw/image/v2/BDPM_PRD/on/demandware.static/-/Sites-masterCatalog_Chile/default/dwd3f38072/images/large/251075-xumadol-paracetamol-1000-mg-20-sobres-efervecente-granulado.jpg?sw=295&sh=295,Cruz Verde,paracetamol
"Nastizol Pediatrico Pseudoefedrina 7,5 mg / mL Gotas Orales 15 mL",11431.0,paracetamol,https://beta.cruzverde.cl/dw/image/v2/BDPM_PRD/on/demandware.static/-/Sites-masterCatalog_Chile/default/dwe35b0e6b/images/large/255611-nastizol-compuesto-pediatrico-(compositum)-gotas-orales-15-ml.jpg?sw=295&sh=295,Cruz Verde,paracetamol
Kitadol Infantil Paracetamol 100 mg Gotas 15 mL,3687.0,paracetamol,https://beta.cruzverde.cl/dw/image/v2/BDPM_PRD/on/demandware.static/-/Sites-masterCatalog_Chile/default/dw21c52e77/images/large/1355-kitadol-infantil-paracetamol-100-mg-gotas-15-ml.jpg?sw=295&sh=295,Cruz Verde,paracetamol
"Cronotan Efervescente Tramadol Clorhidrato 37,5 mg Paracetamol 325 mg 20 Comprimidos",11992.0,paracetamol,"https://beta.cruzverde.cl/dw/image/v2/BDPM_PRD/on/demandware.static/-/Sites-masterCatalog_Chile/default/dw138c99ff/images/large/541040-cronotan-efervescente-tramadol-clorhidrato-37,5-mg-paracetamol-325-mg-20-comprimidos-.jpg?sw=295&sh=295",Cruz Verde,paracetamol
Paracetamol 100 mg Gotas 15 mL,1927.0,paracetamol,https://beta.cruzverde.cl/dw/image/v2/BDPM_PRD/on/demandware.static/-/Sites-masterCatalog_Chile/default/dw94febf65/images/large/199085-paracetamol-100-mg-gotas-15-ml.jpg?sw=295&sh=295,Cruz Verde,paracetamol
Supracalm Paracetamol 1000 mg 20 Comprimidos Recubierto,10472.0,paracetamol,https://beta.cruzverde.cl/dw/image/v2/BDPM_PRD/on/demandware.static/-/Sites-masterCatalog_Chile/default/dwfba98bd6/images/large/87176-supracalm-comprimido-recubierto-20-unidades-paracetamol-1000-mg.jpg?sw=295&sh=295,Cruz Verde,paracetamol
"Kenatrum Tramadol 37,5 mg Paracetamol 325 mg 30 Comprimidos Recubiertos",10990.0,paracetamol,"https://beta.cruzverde.cl/dw/image/v2/BDPM_PRD/on/demandware.static/-/Sites-masterCatalog_Chile/default/dw90b57277/images/large/535496-kenatrum-tramadol-37,5-mg-paracetamol-325-mg-30-comprimidos-recubiertos.jpg?sw=295&sh=295",Cruz Verde,paracetamol
"Tramavolta 37,5/325 Tramadol 37,5 mg 30 Comprimidos",10516.0,paracetamol,https://beta.cruzverde.cl/dw/image/v2/BDPM_PRD/on/demandware.static/-/Sites-masterCatalog_Chile/default/dw06eaa240/images/large/292260-tramavolta-375325-tramadol-375-mg-30-comprimidos.jpg?sw=295&sh=295,Cruz Verde,paracetamol
Dropol Paracetamol 1000 mg 20 Comprimidos,7726.0,paracetamol,https://beta.cruzverde.cl/dw/image/v2/BDPM_PRD/on/demandware.static/-/Sites-masterCatalog_Chile/default/dwede42067/images/large/288548-dropol-paracetamol-1000-mg-20-comprimidos.jpg?sw=295&sh=295,Cruz Verde,paracetamol
"Zaldiar Tramadol 37,5 mg 20 Comprimidos Recubiertos",26127.0,paracetamol,https://beta.cruzverde.cl/dw/image/v2/BDPM_PRD/on/demandware.static/-/Sites-masterCatalog_Chile/default/dw5ba3f1d3/images/large/19258-zaldiar-comprimido-recubierto-20-unidades-tramadol-375-mg.jpg?sw=295&sh=295,Cruz Verde,paracetamol
Kitadol Paracetamol 120 mg/5ml Jarabe 60 mL,9891.0,paracetamol,https://beta.cruzverde.cl/dw/image/v2/BDPM_PRD/on/demandware.static/-/Sites-masterCatalog_Chile/default/dwccdb43fc/images/large/1390-kitadol-jarabe-60-ml-paracetamol-120-mg-5ml.jpg?sw=295&sh=295,Cruz Verde,paracetamol
"Cronus Tramadol 37,5 mg 20 Comprimidos",18207.0,paracetamol,https://beta.cruzverde.cl/dw/image/v2/BDPM_PRD/on/demandware.static/-/Sites-masterCatalog_Chile/default/dwb723f257/images/large/251788-cronus-comprimido-20-unidades-tramadol-375-mg.jpg?sw=295&sh=295,Cruz Verde,paracetamol
Geniol Pediatrico Paracetamol 80 mg 16 Comprimidos,1861.0,paracetamol,https://beta.cruzverde.cl/dw/image/v2/BDPM_PRD/on/demandware.static/-/Sites-masterCatalog_Chile/default/dwa2c5db60/images/large/193095-geniol-pediatrico-comprimido-16-unidades-paracetamol-80-mg.jpg?sw=295&sh=295,Cruz Verde,paracetamol
Geniol Flu DÃ­a-Noche Pseudoefedrina 60 mg 20 Comprimidos,3190.0,paracetamol,https://beta.cruzverde.cl/dw/image/v2/BDPM_PRD/on/demandware.static/-/Sites-masterCatalog_Chile/default/dwde7705d7/images/large/254298-geniol-flu-dia-noche-comprimido-recubierto-20-unidades-pseudoef-60-mg.jpg?sw=295&sh=295,Cruz Verde,paracetamol
Sevedol Ãcido Acetilsalicilico 65 mg 12 Comprimidos,2455.0,paracetamol,https://beta.cruzverde.cl/dw/image/v2/BDPM_PRD/on/demandware.static/-/Sites-masterCatalog_Chile/default/dw07791154/images/large/276003-sevedol-comprimido-12-unidades-aas(aspirina)-65-mg.jpg?sw=295&sh=295,Cruz Verde,paracetamol
Congestex Paracetamol 400 mg 10 CÃ¡psulas,9407.0,paracetamol,https://beta.cruzverde.cl/dw/image/v2/BDPM_PRD/on/demandware.static/-/Sites-masterCatalog_Chile/default/dw42b81f3d/images/large/4160-congestex-paracetam-60-mg-10-capsulas.jpg?sw=295&sh=295,Cruz Verde,paracetamol
Tapsin InstaFLU DN Paracetamol 500 mg Pseudoefedrina Clorhidrato 60 mg 12+6 Comprimidos,6063.0,paracetamol,https://beta.cruzverde.cl/dw/image/v2/BDPM_PRD/on/demandware.static/-/Sites-masterCatalog_Chile/default/dwd5ae0e19/images/large/255388-tapsin-instaflu-dn-paracetamol-500-mg-pseudoefedrina-clorhidrato-60-mg-12+6-comprimidos.jpg?sw=295&sh=295,Cruz Verde,paracetamol
Panadol NiÃ±os Paracetamol 100 mg / mL Gotas Orales 15 mL,3697.0,paracetamol,https://beta.cruzverde.cl/dw/image/v2/BDPM_PRD/on/demandware.static/-/Sites-masterCatalog_Chile/default/dw45544282/images/large/26011-panadol-ni%C3%B1os.jpg?sw=295&sh=295,Cruz Verde,paracetamol
Panadol NiÃ±os Paracetamol 160 mg / 5 mL Jarabe 60 mL,8151.0,paracetamol,https://beta.cruzverde.cl/dw/image/v2/BDPM_PRD/on/demandware.static/-/Sites-masterCatalog_Chile/default/dw085600af/images/large/26066-panadol-ni%C3%B1os.jpg?sw=295&sh=295,Cruz Verde,paracetamol
Paracetamol Infantil Paracetamol 80 mg 100 Comprimidos,519.0,paracetamol,https://beta.cruzverde.cl/dw/image/v2/BDPM_PRD/on/demandware.static/-/Sites-masterCatalog_Chile/default/dwba4e1382/images/large/225007-paracetamol-infantil-paracetamol-80-mg-100-comprimidos.jpg?sw=295&sh=295,Cruz Verde,paracetamol
Tapsin AnalgÃ©sico Paracetamol 400 mg 12 Comprimidos,1394.0,paracetamol,https://beta.cruzverde.cl/dw/image/v2/BDPM_PRD/on/demandware.static/-/Sites-masterCatalog_Chile/default/dw4214e101/images/large/72222-tapsin-analgesico-comprimido-12-unidades-paracetamol-400-mg.jpg?sw=295&sh=295,Cruz Verde,paracetamol
Trio-Val DÃ­a/Noche Pseudoefedrina 60 mg 20 Comprimidos,4990.0,paracetamol,https://beta.cruzverde.cl/dw/image/v2/BDPM_PRD/on/demandware.static/-/Sites-masterCatalog_Chile/default/dw3d4cc4c2/images/large/6256-trio-val-dia-noche-comprimido-20-unidades-pseudoef-60-mg.jpg?sw=295&sh=295,Cruz Verde,paracetamol
Nastul Pseudoef 60 mg 10 Comprimidos,5095.0,paracetamol,https://beta.cruzverde.cl/dw/image/v2/BDPM_PRD/on/demandware.static/-/Sites-masterCatalog_Chile/default/dw244db72c/images/large/12137-nastul-pseudoef-60-mg-10-comprimidos.jpg?sw=295&sh=295,Cruz Verde,paracetamol
Paracetamol 125 mg 6 Supositorios,1267.0,paracetamol,https://beta.cruzverde.cl/dw/image/v2/BDPM_PRD/on/demandware.static/-/Sites-masterCatalog_Chile/default/dw2c91fded/images/large/199334-paracetamol-125-mg-6-supositorios.jpg?sw=295&sh=295,Cruz Verde,paracetamol
Tapsin Nocturno Paracetamol 500 mg 12 Comprimidos,1521.0,paracetamol,https://beta.cruzverde.cl/dw/image/v2/BDPM_PRD/on/demandware.static/-/Sites-masterCatalog_Chile/default/dw1ab5e6e8/images/large/72223-tapsin-nocturno-paracetamol-500-mg-12-comprimidos.jpg?sw=295&sh=295,Cruz Verde,paracetamol
Tapsin AnalgÃ©sico Paracetamol 400 mg 6 Comprimidos,519.0,paracetamol,https://beta.cruzverde.cl/dw/image/v2/BDPM_PRD/on/demandware.static/-/Sites-masterCatalog_Chile/default/dwb6e88afd/images/large/72119-tapsin-analgesico-paracetamol-400-mg-600-comprimidos.jpg?sw=295&sh=295,Cruz Verde,paracetamol
Kitadol Paracetamol 160 mg 15 Comprimidos,3159.0,paracetamol,https://beta.cruzverde.cl/dw/image/v2/BDPM_PRD/on/demandware.static/-/Sites-masterCatalog_Chile/default/dwdfa480d6/images/large/252676-kitadol-paracetamol-160-mg-15-comprimidos.jpg?sw=295&sh=295,Cruz Verde,paracetamol
Panadol Pediatrico Paracetamol 80 mg 16 Comprimidos,2881.0,paracetamol,https://beta.cruzverde.cl/dw/image/v2/BDPM_PRD/on/demandware.static/-/Sites-masterCatalog_Chile/default/dw90dea7f1/images/large/26225-panadol-pediatrico-paracetamol-80-mg-16-comprimidos.jpg?sw=295&sh=295,Cruz Verde,paracetamol
Panadol Advance Paracetamol 500 mg 48 Comprimidos,6621.0,paracetamol,https://beta.cruzverde.cl/dw/image/v2/BDPM_PRD/on/demandware.static/-/Sites-masterCatalog_Chile/default/dw89b45e4e/images/large/532006-panadol-advance-paracetamol-500-mg-48-comprimidos.jpg?sw=295&sh=295,Cruz Verde,paracetamol
Tapsin Noche Compuesto Antigripal Paracetamol 400 mg Noscapina 10 mg Clorfenamina 4 mg Polvo para Soluc.Oral 1 Sobre Sabor Limon / Miel / Jengibre,695.0,paracetamol,https://beta.cruzverde.cl/dw/image/v2/BDPM_PRD/on/demandware.static/-/Sites-masterCatalog_Chile/default/dw51a4a399/images/large/300604-tapsin-noche-compuesto-antigripal-polvo-sobre.jpg?sw=295&sh=295,Cruz Verde,paracetamol
Kitadol Antigripal 18 Comprimidos Recubiertos DÃ­a/Noche (12 DÃ­a y 6 Noche),3775.0,paracetamol,https://beta.cruzverde.cl/dw/image/v2/BDPM_PRD/on/demandware.static/-/Sites-masterCatalog_Chile/default/dw73f814a0/images/large/544205-kitadol-antigripal-18-comprimidos-recubiertos-dianoche-12-dia-y-6-noche.jpg?sw=295&sh=295,Cruz Verde,paracetamol
Tapsin Forte Paracetamol 650 mg 30 Comprimidos Recibiertos con Tapa De Seguridad Childproof,3599.0,paracetamol,https://beta.cruzverde.cl/dw/image/v2/BDPM_PRD/on/demandware.static/-/Sites-masterCatalog_Chile/default/dwaadb86f2/images/large/299091-tapsin-forte-paracetamol-650-mg-30-comprimidos-recibiertos-con-tapa-de-seguridad-childproof.jpg?sw=295&sh=295,Cruz Verde,paracetamol
Tapsin Paracetamol 400 mg Cafeina 33 mg 30 Comprimidos con Tapa de Seguridad Childproof,2895.0,paracetamol,https://beta.cruzverde.cl/dw/image/v2/BDPM_PRD/on/demandware.static/-/Sites-masterCatalog_Chile/default/dw95a9cd9c/images/large/299186-tapsin-paracetamol-400-mg-cafeina-33-mg-30-comprimidos-con-tapa-de-seguridad-childproof.jpg?sw=295&sh=295,Cruz Verde,paracetamol
Congestex Paracetam 15 mg/5ml Jarabe 120 mL,9671.0,paracetamol,https://beta.cruzverde.cl/dw/image/v2/BDPM_PRD/on/demandware.static/-/Sites-masterCatalog_Chile/default/dw8a9ac3b1/images/large/4067-congestex-paracetam-15-mg5ml-jarabe-120-ml.jpg?sw=295&sh=295,Cruz Verde,paracetamol
Dolider Ãcido Acetilsalicilico 65 mg 10 Comprimidos,3391.0,paracetamol,https://beta.cruzverde.cl/dw/image/v2/BDPM_PRD/on/demandware.static/-/Sites-masterCatalog_Chile/default/dw70c58914/images/large/41110-dolider-aas-65-mg-10-comprimidos.jpg?sw=295&sh=295,Cruz Verde,paracetamol
Tapsin Nocturno Paracetamol 500 mg 600 Comprimidos,607.0,paracetamol,https://beta.cruzverde.cl/dw/image/v2/BDPM_PRD/on/demandware.static/-/Sites-masterCatalog_Chile/default/dwb4f794d8/images/large/72198-tapsin-nocturno-paracetamol-500-mg-600-comprimidos.jpg?sw=295&sh=295,Cruz Verde,paracetamol
Tapsin SC Paracetamol 1000 mg Polvo para Soluc. Oral Efervescente 1 Sobre Sabor Limon,6990.0,paracetamol,https://beta.cruzverde.cl/dw/image/v2/BDPM_PRD/on/demandware.static/-/Sites-masterCatalog_Chile/default/dw497d65e9/images/large/387700-tapsin-sc-paracetamol-1000-mg-polvo-efervescente-sobre-sabor-limon.jpg?sw=295&sh=295,Cruz Verde,paracetamol
Nastigrip Antigripal DÃ­a-Noche Paracetamol 300 mg 18 Comprimidos,2103.0,paracetamol,https://beta.cruzverde.cl/dw/image/v2/BDPM_PRD/on/demandware.static/-/Sites-masterCatalog_Chile/default/dw5478cf37/images/large/272695-nastigrip-antigripal-dia-noche-comprimido-18-unidades-paracetamol-300-mg.jpg?sw=295&sh=295,Cruz Verde,paracetamol
Panadol Advance Paracetamol 500 mg 12 Comprimidos,2983.0,paracetamol,https://beta.cruzverde.cl/dw/image/v2/BDPM_PRD/on/demandware.static/-/Sites-masterCatalog_Chile/default/dw2716ebd9/images/large/399853-panadol-advance.jpg?sw=295&sh=295,Cruz Verde,paracetamol
Tapsin Dia Compuesto Antigripal Paracetamol 400 mg Noscapina 10 mg Cafeina 33 mg Polvo para Soluc.Oral 1 Sobre Sabor Limon / Miel / Jengibre,669.0,paracetamol,https://beta.cruzverde.cl/dw/image/v2/BDPM_PRD/on/demandware.static/-/Sites-masterCatalog_Chile/default/dw1f9a5a75/images/large/300607-tapsin-dia-compuesto-antigripal-polvo-sobre.jpg?sw=295&sh=295,Cruz Verde,paracetamol
Actron Ra Ibuprofeno 200 mg 10 CÃ¡psulas Blandas,1890.0,ibuprofeno,https://beta.cruzverde.cl/dw/image/v2/BDPM_PRD/on/demandware.static/-/Sites-masterCatalog_Chile/default/dw014cdc37/images/large/255885-actronra-ibuprofeno-200-mg-10-capsulas-blandas.jpg?sw=295&sh=295,Cruz Verde,ibuprofeno
Pyriped Forte Ibuprofeno 200 mg / 5 mL SuspensiÃ³n Oral 100 mL,4890.0,ibuprofeno,https://beta.cruzverde.cl/dw/image/v2/BDPM_PRD/on/demandware.static/-/Sites-masterCatalog_Chile/default/dw5f75b4ab/images/large/268737-pyriped-forte-jarabe-100-ml-ibuprofeno-200-mg-5ml.jpg?sw=295&sh=295,Cruz Verde,ibuprofeno
Niofen Forte Ibuprofeno 200 mg/5ml SuspensiÃ³n PediÃ¡trica 120 mL,5183.0,ibuprofeno,https://beta.cruzverde.cl/dw/image/v2/BDPM_PRD/on/demandware.static/-/Sites-masterCatalog_Chile/default/dw6bb804ec/images/large/4397-niofen-forte-suspension-120-ml-ibuprofeno-200-mg-5ml.jpg?sw=295&sh=295,Cruz Verde,ibuprofeno
Dolorub Parche DÃ©rmico 18x13 cm 1 Parche,2690.0,ibuprofeno,https://beta.cruzverde.cl/dw/image/v2/BDPM_PRD/on/demandware.static/-/Sites-masterCatalog_Chile/default/dw5011682c/images/large/292084-dolorub-parche-dermico-18x13-cm-1-unidades.jpg?sw=295&sh=295,Cruz Verde,ibuprofeno
Pyriped Ibuprofeno 400 mg 20 CÃ¡psulas Blandas,3752.0,ibuprofeno,https://beta.cruzverde.cl/dw/image/v2/BDPM_PRD/on/demandware.static/-/Sites-masterCatalog_Chile/default/dw30a105cf/images/large/263909-pyriped-capsulas-blandas-20-unidades-ibuprofeno-400-mg.jpg?sw=295&sh=295,Cruz Verde,ibuprofeno
Ibuprofeno 200 mg 20 Comprimidos,1267.0,ibuprofeno,https://beta.cruzverde.cl/dw/image/v2/BDPM_PRD/on/demandware.static/-/Sites-masterCatalog_Chile/default/dwb5309704/images/large/199297-ibuprofeno-200-mg-20-comprimidos.jpg?sw=295&sh=295,Cruz Verde,ibuprofeno
Ibupirac LC Ibuprofeno 600 mg 10 CÃ¡psulas Blandas,7031.0,ibuprofeno,https://beta.cruzverde.cl/dw/image/v2/BDPM_PRD/on/demandware.static/-/Sites-masterCatalog_Chile/default/dw791c1b4b/images/large/266410-ibupirac-lc-ibuprofeno-600-mg-10-capsulas-blandas.jpg?sw=295&sh=295,Cruz Verde,ibuprofeno
Ibuprofeno 400 mg 20 Comprimidos,1443.0,ibuprofeno,https://beta.cruzverde.cl/dw/image/v2/BDPM_PRD/on/demandware.static/-/Sites-masterCatalog_Chile/default/dwe169cf8e/images/large/273441-ibuprofeno-400-mg-20-comprimidos.jpg?sw=295&sh=295,Cruz Verde,ibuprofeno
Ibupirac LC Ibuprofeno 400 mg 20 CÃ¡psulas Blandas,4831.0,ibuprofeno,https://beta.cruzverde.cl/dw/image/v2/BDPM_PRD/on/demandware.static/-/Sites-masterCatalog_Chile/default/dwb0b44990/images/large/257271-ibupirac-lc-ibuprofeno-400-mg-20-capsulas-blandas.jpg?sw=295&sh=295,Cruz Verde,ibuprofeno
Actron Ibuprofeno 600 mg 10 CÃ¡psulas Blandas,4655.0,ibuprofeno,https://beta.cruzverde.cl/dw/image/v2/BDPM_PRD/on/demandware.static/-/Sites-masterCatalog_Chile/default/dw07ce64d4/images/large/253077-actron-ibuprofeno-600-mg-10-capsulas-blandas.jpg?sw=295&sh=295,Cruz Verde,ibuprofeno
Ibuprofeno 600 mg 20 Comprimidos,1839.0,ibuprofeno,https://beta.cruzverde.cl/dw/image/v2/BDPM_PRD/on/demandware.static/-/Sites-masterCatalog_Chile/default/dwf9ae08a9/images/large/273362-ibuprofeno-600-mg-20-comprimidos-genericos.jpg?sw=295&sh=295,Cruz Verde,ibuprofeno
Actron 400 Ibuprofeno 400 mg 10 CÃ¡psulas Blandas,3335.0,ibuprofeno,https://beta.cruzverde.cl/dw/image/v2/BDPM_PRD/on/demandware.static/-/Sites-masterCatalog_Chile/default/dwb8bae7fa/images/large/250281-actron-ibuprofeno-400-mg-10-capsulas-blandas.jpg?sw=295&sh=295,Cruz Verde,ibuprofeno
Pyriped Ibuprofeno 100 mg/5mL SuspensiÃ³n 100 mL,5271.0,ibuprofeno,https://beta.cruzverde.cl/dw/image/v2/BDPM_PRD/on/demandware.static/-/Sites-masterCatalog_Chile/default/dwea64435a/images/large/193020-pyriped-ibuprofeno-100-mg5ml-suspension-100-ml.jpg?sw=295&sh=295,Cruz Verde,ibuprofeno
Pironal Flu Forte Ibuprofeno 200 mg SuspensiÃ³n 100 mL,13015.0,ibuprofeno,https://beta.cruzverde.cl/dw/image/v2/BDPM_PRD/on/demandware.static/-/Sites-masterCatalog_Chile/default/dwc25cd30a/images/large/257148-pironal-flu-forte-suspension-100-ml-ibuprofeno-30-mg-5ml.jpg?sw=295&sh=295,Cruz Verde,ibuprofeno
Painpac Ibuprofeno 5% Gel TÃ³pico 60 gr,4303.0,ibuprofeno,https://beta.cruzverde.cl/dw/image/v2/BDPM_PRD/on/demandware.static/-/Sites-masterCatalog_Chile/default/dw91023e3e/images/large/273440-painpac-ibuprofeno-5-gel-topico-60-gr.jpg?sw=295&sh=295,Cruz Verde,ibuprofeno
Dolorub Gel Ibuprofeno 5% TÃ³pico Semisolido Pomo 60 gr,4790.0,ibuprofeno,https://beta.cruzverde.cl/dw/image/v2/BDPM_PRD/on/demandware.static/-/Sites-masterCatalog_Chile/default/dwf9924a9a/images/large/259970-dolorub-gel-ibuprofeno-5-topico-semisolido-pomo-60-gr.jpg?sw=295&sh=295,Cruz Verde,ibuprofeno
Dolorub Ibuprofeno 5% Crema TÃ³pica 60 gr,4790.0,ibuprofeno,https://beta.cruzverde.cl/dw/image/v2/BDPM_PRD/on/demandware.static/-/Sites-masterCatalog_Chile/default/dwba6d9a80/images/large/72106-dolorub-ibuprofeno-5-crema-topica-60-gr.jpg?sw=295&sh=295,Cruz Verde,ibuprofeno
Niofen Cold HBP Ibuprofeno 200 mg 10 Comprimidos,6415.0,ibuprofeno,https://beta.cruzverde.cl/dw/image/v2/BDPM_PRD/on/demandware.static/-/Sites-masterCatalog_Chile/default/dw4fa29fa3/images/large/258414-niofen-cold-hbp-ibuprofeno-200-mg-10-comprimidos.jpg?sw=295&sh=295,Cruz Verde,ibuprofeno
Ipson Forte Ibuprofeno 200 mg/5ml SuspensiÃ³n 120 mL,11990.0,ibuprofeno,https://beta.cruzverde.cl/dw/image/v2/BDPM_PRD/on/demandware.static/-/Sites-masterCatalog_Chile/default/dwd5e03ca1/images/large/6325-ipson-forte-ibuprofeno-200-mg5ml-suspension-120-ml.jpg?sw=295&sh=295,Cruz Verde,ibuprofeno
Actron 600 Ibuprofeno 600 mg 20 CÃ¡psulas Blandas,8703.0,ibuprofeno,https://beta.cruzverde.cl/dw/image/v2/BDPM_PRD/on/demandware.static/-/Sites-masterCatalog_Chile/default/dwffa711fe/images/large/393608-actron-600-ibuprofeno-600-mg-20-capsulas-blandas.jpg?sw=295&sh=295,Cruz Verde,ibuprofeno
Pironal Flu Forte Ibuprofeno 400 mg 12 Comprimidos Recubiertos,11167.0,ibuprofeno,https://beta.cruzverde.cl/dw/image/v2/BDPM_PRD/on/demandware.static/-/Sites-masterCatalog_Chile/default/dw709517be/images/large/257146-pironal-flu-forte-comprimido-recubierto-12-unidades-ibuprofeno-60-mg.jpg?sw=295&sh=295,Cruz Verde,ibuprofeno
Dolorub Analgesica-Antiinflamatoria Ibuprofeno 5% Crema TÃ³pica 45 gr,3391.0,ibuprofeno,https://beta.cruzverde.cl/dw/image/v2/BDPM_PRD/on/demandware.static/-/Sites-masterCatalog_Chile/default/dw97078176/images/large/273313-dolorub-analgesica-antiinflamatoria-ibuprofeno-5-crema-topica-45-gr.jpg?sw=295&sh=295,Cruz Verde,ibuprofeno
Actron Ibuprofeno 400 mg 20 CÃ¡psulas Blandas,5623.0,ibuprofeno,https://beta.cruzverde.cl/dw/image/v2/BDPM_PRD/on/demandware.static/-/Sites-masterCatalog_Chile/default/dwcc36ac45/images/large/393607-actron-ibuprofeno-400-mg-20-capsulas-blandas.jpg?sw=295&sh=295,Cruz Verde,ibuprofeno
Ibuprofeno 100 mg/5mL SuspensiÃ³n 100 mL,1927.0,ibuprofeno,https://beta.cruzverde.cl/dw/image/v2/BDPM_PRD/on/demandware.static/-/Sites-masterCatalog_Chile/default/dw93723151/images/large/199392-ibuprofeno-100-mg5ml-suspension-100-ml.jpg?sw=295&sh=295,Cruz Verde,ibuprofeno
Kitadol (B) Paracetamol 500mg 24 Comprimidos,1495.0,paracetamol,https://d1tjllbjmslitt.cloudfront.net/spree/products/47493/small/430924-2.jpg?1641476750,Salcobrand,paracetamol
Paracetamol (B) 16 Comprimidos,1143.0,paracetamol,https://d1tjllbjmslitt.cloudfront.net/spree/products/28695/small/432432.jpg?1641477870,Salcobrand,paracetamol
Ibuprofeno (B) 600 mg x 20 Comprimidos,1847.0,paracetamol,https://d1tjllbjmslitt.cloudfront.net/spree/products/86001/small/1768333.jpg?1671802354,Salcobrand,paracetamol
Paracetamol (B) 16 Comprimidos,1055.0,paracetamol,https://d1tjllbjmslitt.cloudfront.net/spree/products/36317/small/36333.jpg?1641477363,Salcobrand,paracetamol
Xumadol 1g. 20 Comprimidos,7919.0,paracetamol,https://d1tjllbjmslitt.cloudfront.net/spree/products/23240/small/340180.jpg?1641479941,Salcobrand,paracetamol
Paracetamol Gotas 15ml,1407.0,paracetamol,https://d1tjllbjmslitt.cloudfront.net/spree/products/28703/small/434052.jpg?1641477868,Salcobrand,paracetamol
Tapsin Caliente Limonada Noche 6 Sobres,3431.0,paracetamol,https://d1tjllbjmslitt.cloudfront.net/spree/products/24110/small/1993124.jpg?1641479893,Salcobrand,paracetamol
Tapsin Caliente Limonada DÃ­a 6 Sobres,3431.0,paracetamol,https://d1tjllbjmslitt.cloudfront.net/spree/products/24108/small/1990181.jpg?1641479893,Salcobrand,paracetamol
Kitadol Parcetamol Infantil 16 Comprimidos Masticables,3167.0,paracetamol,https://d1tjllbjmslitt.cloudfront.net/spree/products/26244/small/438063.1.jpg?1641479791,Salcobrand,paracetamol
Trio Val DÃ­a y Noche 20 Comprimidos,4929.0,paracetamol,https://d1tjllbjmslitt.cloudfront.net/spree/products/28405/small/2979381.jpg?1641479652,Salcobrand,paracetamol
Ibuprofeno (B) 400mg 20 Comprimidos Recubiertos,1319.0,paracetamol,https://d1tjllbjmslitt.cloudfront.net/spree/products/74720/small/1218000.jpg?1654888925,Salcobrand,paracetamol
Kitadol (B) Paracetamol 1g 18 Comprimidos,7831.0,paracetamol,https://d1tjllbjmslitt.cloudfront.net/spree/products/47514/small/435361-2.jpg?1641476749,Salcobrand,paracetamol
Kitadol Parcetamol Infantil Gotas 15ml,3607.0,paracetamol,https://d1tjllbjmslitt.cloudfront.net/spree/products/47497/small/430991-2.jpg?1641476750,Salcobrand,paracetamol
Kitadol Duo Ibuprofeno/Paracetamol 10 Comprimidos Recubiertos,3519.0,paracetamol,https://d1tjllbjmslitt.cloudfront.net/spree/products/66136/small/579036.jpg?1641491818,Salcobrand,paracetamol
Tapsin Caliente Limonada Noche 5 Grs.,615.0,paracetamol,https://d1tjllbjmslitt.cloudfront.net/spree/products/15864/small/1996965.jpg?1641480320,Salcobrand,paracetamol
Ibuprofeno (B) 600mg 20 Comprimidos,2727.0,paracetamol,https://d1tjllbjmslitt.cloudfront.net/spree/products/28716/small/437135.jpg?1641477867,Salcobrand,paracetamol
Ketorolaco 10mg 10 Comprimidos Recubiertos,1319.0,paracetamol,https://d1tjllbjmslitt.cloudfront.net/spree/products/28725/small/439841.jpg?1641477865,Salcobrand,paracetamol
Paracetamol Infantil 6 Supositorios,1319.0,paracetamol,https://d1tjllbjmslitt.cloudfront.net/spree/products/28686/small/431426.jpg?1641477871,Salcobrand,paracetamol
Panbio Test AntÃ­geno Covid-19,9999.0,paracetamol,https://d1tjllbjmslitt.cloudfront.net/spree/products/65598/small/580821.jpg?1641328706,Salcobrand,paracetamol
Tapsin Caliente Limonada DÃ­a 5 Grs.,615.0,paracetamol,https://d1tjllbjmslitt.cloudfront.net/spree/products/15867/small/1991101.jpg?1641480320,Salcobrand,paracetamol
Nastizol DÃ­a-Noche 18 Comprimidos,3439.0,paracetamol,https://d1tjllbjmslitt.cloudfront.net/spree/products/28079/small/2590079.jpg?1641479681,Salcobrand,paracetamol
Tapsin Dn 12/6Com.,3519.0,paracetamol,https://d1tjllbjmslitt.cloudfront.net/spree/products/22712/small/1990216.jpg?1641479965,Salcobrand,paracetamol
Ibuprofeno (B) 400mg 20 Comprimidos,1671.0,paracetamol,https://d1tjllbjmslitt.cloudfront.net/spree/products/28715/small/437127.jpg?1641477867,Salcobrand,paracetamol
Kitadol Paracetamol Infantil Jarabe 60ml,9327.0,paracetamol,https://d1tjllbjmslitt.cloudfront.net/spree/products/47495/small/430983-2.jpg?1641476750,Salcobrand,paracetamol
Nenitos Pack Toallitas HÃºmedas 160 Unidades,2199.0,paracetamol,https://d1tjllbjmslitt.cloudfront.net/spree/products/58901/small/4100568.jpg?1641329081,Salcobrand,paracetamol
Test RÃ¡pido de AntÃ­genos Covid-19,5999.0,paracetamol,https://d1tjllbjmslitt.cloudfront.net/spree/products/67388/small/3896262-1.jpg?1644002345,Salcobrand,paracetamol
Tapsin Caliente Antigripal Compuesto DÃ­a LimÃ³n 6 Sobres ,2639.0,paracetamol,https://d1tjllbjmslitt.cloudfront.net/spree/products/71797/small/579234.jpg?1651532283,Salcobrand,paracetamol
Gesidol Infantil (B) Paracetamol Gotas 15ml,2551.0,paracetamol,https://d1tjllbjmslitt.cloudfront.net/spree/products/42930/small/2350155_gesidol_100_mg.jpg?1641476999,Salcobrand,paracetamol
Vitamin C,2999.0,paracetamol,https://d1tjllbjmslitt.cloudfront.net/spree/products/32904/small/9032883.jpg?1641477636,Salcobrand,paracetamol
Xumadol 1g 20 Sobres Efervescentes,8975.0,paracetamol,https://d1tjllbjmslitt.cloudfront.net/spree/products/71819/small/340011.jpg?1651588757,Salcobrand,paracetamol
Ketoprofeno (B) 50mg 20 CÃ¡psulas,2199.0,paracetamol,https://d1tjllbjmslitt.cloudfront.net/spree/products/27746/small/437795.jpg?1641479715,Salcobrand,paracetamol
PropÃ³leo en Spray,3499.0,paracetamol,https://d1tjllbjmslitt.cloudfront.net/spree/products/22348/small/8093148_Propoleo30ML_nueva.jpg?1641479984,Salcobrand,paracetamol
Clorfenamina (B) 4mg 20 Comprimidos,879.0,paracetamol,https://d1tjllbjmslitt.cloudfront.net/spree/products/28697/small/432807.jpg?1641477869,Salcobrand,paracetamol
Ãcido MefenÃ¡mico 500mg 10 Comprimidos,1583.0,paracetamol,https://d1tjllbjmslitt.cloudfront.net/spree/products/66694/small/437388.jpg?1642625676,Salcobrand,paracetamol
Viadil Forte Pargeverina 10mg/ml Oral Gotas 15ml,7039.0,paracetamol,https://d1tjllbjmslitt.cloudfront.net/spree/products/41463/small/7730698014869_1.jpg?1641477080,Salcobrand,paracetamol
Pack de PÃ©talos AlgodÃ³n Desmaquillantes,2999.0,paracetamol,https://d1tjllbjmslitt.cloudfront.net/spree/products/69255/small/4102810_nuevo_2019_1.jpg?1646312732,Salcobrand,paracetamol
Broncard Levodropropizina 60mg/10ml Jarabe 120ml,11986.0,paracetamol,https://d1tjllbjmslitt.cloudfront.net/spree/products/33606/small/1722860.jpg?1641477588,Salcobrand,paracetamol
Fisiolimp PediÃ¡trico 0.9 % SoluciÃ³n Nasal 30ml,5999.0,paracetamol,https://d1tjllbjmslitt.cloudfront.net/spree/products/4187/small/2501470.jpg?1641482460,Salcobrand,paracetamol
Kitadol Forte Paracetamol / CafeÃ­na 10 Comprimidos Recubiertos,2903.0,paracetamol,https://d1tjllbjmslitt.cloudfront.net/spree/products/67214/small/430514.png?1643821436,Salcobrand,paracetamol
PropÃ³leo de miel/eucaliptus en caramelos,1399.0,paracetamol,https://d1tjllbjmslitt.cloudfront.net/spree/products/28992/small/8099360_PROPOLEOMIELEUCALIPTUS.jpg?1641477852,Salcobrand,paracetamol
Tapsin (B) Paracetamol 1g 20 Comprimidos Recubiertos,6974.0,paracetamol,https://d1tjllbjmslitt.cloudfront.net/spree/products/92046/small/575992.jpg?1682704873,Salcobrand,paracetamol
Bisolvon Adulto Jarabe 125ml,4751.0,paracetamol,https://d1tjllbjmslitt.cloudfront.net/spree/products/74533/small/581952_-_Bisolvon_Adulto_1000x1000.jpg?1654637844,Salcobrand,paracetamol
Esomeprazol (B) 40mg 30 Comprimidos,4663.0,paracetamol,https://d1tjllbjmslitt.cloudfront.net/spree/products/37361/small/1768569.jpg?1641477300,Salcobrand,paracetamol
Acotol 28 Comprimidos Recubiertos,14607.0,paracetamol,https://d1tjllbjmslitt.cloudfront.net/spree/products/25708/small/2834786.jpg?1641479812,Salcobrand,paracetamol
Ketoprofeno 200mg 10 Comprimidos,3959.0,paracetamol,https://d1tjllbjmslitt.cloudfront.net/spree/products/43897/small/7800063111445_1.jpg?1641476941,Salcobrand,paracetamol
Engystol medicamento antiviral,19183.0,paracetamol,https://d1tjllbjmslitt.cloudfront.net/spree/products/31119/small/8270009.jpg?1641477768,Salcobrand,paracetamol
Loratadina (B) 10mg 30 Comprimidos,1407.0,paracetamol,https://d1tjllbjmslitt.cloudfront.net/spree/products/28705/small/434912.jpg?1641477868,Salcobrand,paracetamol
Supracalm (B) Paracetamol 20 Comprimidos,9955.0,paracetamol,https://d1tjllbjmslitt.cloudfront.net/spree/products/28532/small/3110454.jpg?1641477896,Salcobrand,paracetamol
Naproxeno (B) 550mg 10 Comprimidos Recubiertos,3519.0,paracetamol,https://d1tjllbjmslitt.cloudfront.net/spree/products/66188/small/437639.jpg?1641917671,Salcobrand,paracetamol
Gel Limpiador Espumoso,13499.0,paracetamol,https://d1tjllbjmslitt.cloudfront.net/spree/products/85546/small/5970106-1.jpg?1670971926,Salcobrand,paracetamol
Ibuprofeno (B) 600 mg x 20 Comprimidos,1847.0,ibuprofeno,https://d1tjllbjmslitt.cloudfront.net/spree/products/86001/small/1768333.jpg?1671802354,Salcobrand,ibuprofeno
Kitadol (B) Paracetamol 500mg 24 Comprimidos,1495.0,ibuprofeno,https://d1tjllbjmslitt.cloudfront.net/spree/products/47493/small/430924-2.jpg?1641476750,Salcobrand,ibuprofeno
Ibuprofeno (B) 400mg 20 Comprimidos Recubiertos,1319.0,ibuprofeno,https://d1tjllbjmslitt.cloudfront.net/spree/products/74720/small/1218000.jpg?1654888925,Salcobrand,ibuprofeno
Ibuprofeno (B) 600mg 20 Comprimidos,2727.0,ibuprofeno,https://d1tjllbjmslitt.cloudfront.net/spree/products/28716/small/437135.jpg?1641477867,Salcobrand,ibuprofeno
Paracetamol (B) 16 Comprimidos,1143.0,ibuprofeno,https://d1tjllbjmslitt.cloudfront.net/spree/products/28695/small/432432.jpg?1641477870,Salcobrand,ibuprofeno
Ibuprofeno Jarabe 100ml,2815.0,ibuprofeno,https://d1tjllbjmslitt.cloudfront.net/spree/products/28718/small/437372.jpg?1641477866,Salcobrand,ibuprofeno
Kitadol Duo Ibuprofeno/Paracetamol 10 Comprimidos Recubiertos,3519.0,ibuprofeno,https://d1tjllbjmslitt.cloudfront.net/spree/products/66136/small/579036.jpg?1641491818,Salcobrand,ibuprofeno
Ibuprofeno (B) 200mg 20 Comprimidos Recubiertos,1231.0,ibuprofeno,https://d1tjllbjmslitt.cloudfront.net/spree/products/49249/small/1218005.jpg?1641329860,Salcobrand,ibuprofeno
Ibuprofeno (B) 400mg 20 Comprimidos,1671.0,ibuprofeno,https://d1tjllbjmslitt.cloudfront.net/spree/products/28715/small/437127.jpg?1641477867,Salcobrand,ibuprofeno
Ibuprofeno 200mg Jarabe 100ml,5719.0,ibuprofeno,https://d1tjllbjmslitt.cloudfront.net/spree/products/72773/small/577406.jpg?1652302690,Salcobrand,ibuprofeno
Tapsin Caliente Limonada Noche 6 Sobres,3431.0,ibuprofeno,https://d1tjllbjmslitt.cloudfront.net/spree/products/24110/small/1993124.jpg?1641479893,Salcobrand,ibuprofeno
Trio Val DÃ­a y Noche 20 Comprimidos,4929.0,ibuprofeno,https://d1tjllbjmslitt.cloudfront.net/spree/products/28405/small/2979381.jpg?1641479652,Salcobrand,ibuprofeno
Tapsin Caliente Limonada DÃ­a 6 Sobres,3431.0,ibuprofeno,https://d1tjllbjmslitt.cloudfront.net/spree/products/24108/small/1990181.jpg?1641479893,Salcobrand,ibuprofeno
Tapsin Caliente Limonada Noche 5 Grs.,615.0,ibuprofeno,https://d1tjllbjmslitt.cloudfront.net/spree/products/15864/small/1996965.jpg?1641480320,Salcobrand,ibuprofeno
Nastizol DÃ­a-Noche 18 Comprimidos,3439.0,ibuprofeno,https://d1tjllbjmslitt.cloudfront.net/spree/products/28079/small/2590079.jpg?1641479681,Salcobrand,ibuprofeno
Ipson Forte Infantil Ibuprofeno 120ml,10799.0,ibuprofeno,https://d1tjllbjmslitt.cloudfront.net/spree/products/23150/small/2971444.jpg?1641479946,Salcobrand,ibuprofeno
Tapsin Caliente Limonada DÃ­a 5 Grs.,615.0,ibuprofeno,https://d1tjllbjmslitt.cloudfront.net/spree/products/15867/small/1991101.jpg?1641480320,Salcobrand,ibuprofeno
Nenitos Pack Toallitas HÃºmedas 160 Unidades,2199.0,ibuprofeno,https://d1tjllbjmslitt.cloudfront.net/spree/products/58901/small/4100568.jpg?1641329081,Salcobrand,ibuprofeno
Xumadol 1g. 20 Comprimidos,7919.0,ibuprofeno,https://d1tjllbjmslitt.cloudfront.net/spree/products/23240/small/340180.jpg?1641479941,Salcobrand,ibuprofeno
Kitadol Parcetamol Infantil 16 Comprimidos Masticables,3167.0,ibuprofeno,https://d1tjllbjmslitt.cloudfront.net/spree/products/26244/small/438063.1.jpg?1641479791,Salcobrand,ibuprofeno
Tapsin Dn 12/6Com.,3519.0,ibuprofeno,https://d1tjllbjmslitt.cloudfront.net/spree/products/22712/small/1990216.jpg?1641479965,Salcobrand,ibuprofeno
Paracetamol (B) 16 Comprimidos,1055.0,ibuprofeno,https://d1tjllbjmslitt.cloudfront.net/spree/products/36317/small/36333.jpg?1641477363,Salcobrand,ibuprofeno
Paracetamol Gotas 15ml,1407.0,ibuprofeno,https://d1tjllbjmslitt.cloudfront.net/spree/products/28703/small/434052.jpg?1641477868,Salcobrand,ibuprofeno
Test RÃ¡pido de AntÃ­genos Covid-19,5999.0,ibuprofeno,https://d1tjllbjmslitt.cloudfront.net/spree/products/67388/small/3896262-1.jpg?1644002345,Salcobrand,ibuprofeno
Ãcido MefenÃ¡mico 500mg 10 Comprimidos,1583.0,ibuprofeno,https://d1tjllbjmslitt.cloudfront.net/spree/products/66694/small/437388.jpg?1642625676,Salcobrand,ibuprofeno
Clorfenamina (B) 4mg 20 Comprimidos,879.0,ibuprofeno,https://d1tjllbjmslitt.cloudfront.net/spree/products/28697/small/432807.jpg?1641477869,Salcobrand,ibuprofeno
Amoxicilina 500mg/5ml Jarabe 60ml,2111.0,ibuprofeno,https://d1tjllbjmslitt.cloudfront.net/spree/products/39423/small/1763165-1.jpg?1641477196,Salcobrand,ibuprofeno
Niofen Forte SoluciÃ³n Oral 200 mg/ 5ml x120 ml,5191.0,ibuprofeno,https://d1tjllbjmslitt.cloudfront.net/spree/products/74802/small/2835635_%282%29.jpg?1655406982,Salcobrand,ibuprofeno
Bisolvon Adulto Jarabe 125ml,4751.0,ibuprofeno,https://d1tjllbjmslitt.cloudfront.net/spree/products/74533/small/581952_-_Bisolvon_Adulto_1000x1000.jpg?1654637844,Salcobrand,ibuprofeno
Tapsin Caliente Antigripal Compuesto DÃ­a LimÃ³n 6 Sobres ,2639.0,ibuprofeno,https://d1tjllbjmslitt.cloudfront.net/spree/products/71797/small/579234.jpg?1651532283,Salcobrand,ibuprofeno
Ketorolaco 10mg 10 Comprimidos Recubiertos,1319.0,ibuprofeno,https://d1tjllbjmslitt.cloudfront.net/spree/products/28725/small/439841.jpg?1641477865,Salcobrand,ibuprofeno
Paltomiel Adulto Jarabe 200ml,4839.0,ibuprofeno,https://d1tjllbjmslitt.cloudfront.net/spree/products/22766/small/8111400.jpg?1641479963,Salcobrand,ibuprofeno
Panbio Test AntÃ­geno Covid-19,9999.0,ibuprofeno,https://d1tjllbjmslitt.cloudfront.net/spree/products/65598/small/580821.jpg?1641328706,Salcobrand,ibuprofeno
Broncard Levodropropizina 60mg/10ml Jarabe 120ml,11986.0,ibuprofeno,https://d1tjllbjmslitt.cloudfront.net/spree/products/33606/small/1722860.jpg?1641477588,Salcobrand,ibuprofeno
Vitamin C,2999.0,ibuprofeno,https://d1tjllbjmslitt.cloudfront.net/spree/products/32904/small/9032883.jpg?1641477636,Salcobrand,ibuprofeno
Kitadol Parcetamol Infantil Gotas 15ml,3607.0,ibuprofeno,https://d1tjllbjmslitt.cloudfront.net/spree/products/47497/small/430991-2.jpg?1641476750,Salcobrand,ibuprofeno
Ipson Infantil Ibuprofeno 120ml,5809.0,ibuprofeno,https://d1tjllbjmslitt.cloudfront.net/spree/products/22835/small/2971304.jpg?1641479960,Salcobrand,ibuprofeno
Actron (R) 400mg 20 Capsulas Blandas,5983.0,ibuprofeno,https://d1tjllbjmslitt.cloudfront.net/spree/products/58513/small/578998-1.jpg?1641329109,Salcobrand,ibuprofeno
Broncatox (B) Levodropropizina 60mg/10ml Jarabe 120ml,7749.0,ibuprofeno,https://d1tjllbjmslitt.cloudfront.net/spree/products/28298/small/2972424.jpg?1641479662,Salcobrand,ibuprofeno
Caramelos de propÃ³leo miel ,1399.0,ibuprofeno,https://d1tjllbjmslitt.cloudfront.net/spree/products/28991/small/8093062_PROPOLEO_X10UNID.jpg?1641477852,Salcobrand,ibuprofeno
Viadil Forte Pargeverina 10mg/ml Oral Gotas 15ml,7039.0,ibuprofeno,https://d1tjllbjmslitt.cloudfront.net/spree/products/41463/small/7730698014869_1.jpg?1641477080,Salcobrand,ibuprofeno
PropÃ³leo Jengibre spray,3429.0,ibuprofeno,https://d1tjllbjmslitt.cloudfront.net/spree/products/22352/small/8093069_Propoleo30ML-_JENGIBRE_nueva.jpg?1641479984,Salcobrand,ibuprofeno
AB Antitusivo Noscapina / Clorhexidina 12 Comprimidos Masticables,3035.0,ibuprofeno,https://d1tjllbjmslitt.cloudfront.net/spree/products/22930/small/2970030.jpg?1641479956,Salcobrand,ibuprofeno
Nastigrip 18 Comprimidos,2399.0,ibuprofeno,https://d1tjllbjmslitt.cloudfront.net/spree/products/4144/small/2590330.jpg?1641482461,Salcobrand,ibuprofeno
Kitadol (B) Paracetamol 1g 18 Comprimidos,7831.0,ibuprofeno,https://d1tjllbjmslitt.cloudfront.net/spree/products/47514/small/435361-2.jpg?1641476749,Salcobrand,ibuprofeno
LORATADINA 10mg ORAL SOLIDO,1143.0,ibuprofeno,https://d1tjllbjmslitt.cloudfront.net/spree/products/81608/small/1763281.jpg?1665776119,Salcobrand,ibuprofeno
PropÃ³leo en Spray,3499.0,ibuprofeno,https://d1tjllbjmslitt.cloudfront.net/spree/products/22348/small/8093148_Propoleo30ML_nueva.jpg?1641479984,Salcobrand,ibuprofeno
Actron (R) 600mg 20 Capsulas Blandas,10163.0,ibuprofeno,https://d1tjllbjmslitt.cloudfront.net/spree/products/58509/small/578997-1.jpg?1641329109,Salcobrand,ibuprofeno
Dolorub Ibuprofeno 5% Crema 60g,5807.0,ibuprofeno,https://d1tjllbjmslitt.cloudfront.net/spree/products/92052/small/1990196.jpg?1682705001,Salcobrand,ibuprofeno
Ketoprofeno 200mg 10 Comprimidos,3959.0,ibuprofeno,https://d1tjllbjmslitt.cloudfront.net/spree/products/43897/small/7800063111445_1.jpg?1641476941,Salcobrand,ibuprofeno
Generico Paracetamol 80 mg x 16 Comprimidos Masticables,2595,paracetamol,https://cdn-ahumada.azureedge.net/catalog/product/cache/e23fd14dc6230ab5728f44b59382e708/3/d/3de1435394c9bd5e5c0ae7365e6932f18e152415203fc303a4521255c78064a7.jpg,Farmacia Ahumada,paracetamol
Supracalm Supracalm 1 g x 20 Comprimidos Recubiertos,12795,paracetamol,https://cdn-ahumada.azureedge.net/catalog/product/cache/e23fd14dc6230ab5728f44b59382e708/c/e/ce41fb5dd9b31a2c2b8a922eae2c1f381f16eb21d402fe955b175d5244409260.jpg,Farmacia Ahumada,paracetamol
Gesidol Gesidol Paracetamol Bioe.1gr X 20comp,9795,paracetamol,https://cdn-ahumada.azureedge.net/catalog/product/cache/e23fd14dc6230ab5728f44b59382e708/6/d/6df2ed1e069cd22d39c396c2091bae241ecfa9c36e6ebf80d8cc9d8bb6517ed3.jpg,Farmacia Ahumada,paracetamol
Trio-Val Trioval x 10 Comprimidos Recubiertos,5595,paracetamol,https://cdn-ahumada.azureedge.net/catalog/product/cache/e23fd14dc6230ab5728f44b59382e708/3/0/305a025e1a0d1117f09931229ee3cd72507b3abc7e59e72fd9193fc588e02852.jpg,Farmacia Ahumada,paracetamol
Generico Paracetamol Infantil 125 mg x 6 Supositorios,1495,paracetamol,https://cdn-ahumada.azureedge.net/catalog/product/cache/e23fd14dc6230ab5728f44b59382e708/c/f/cf844173b735793bb5819a7417012ecf6dd40ab6773ed3cbadfe50165070438b.jpg,Farmacia Ahumada,paracetamol
Kitadol Kitadol 120 mg/5 mL x 60 mL Jarabe,10695,paracetamol,https://cdn-ahumada.azureedge.net/catalog/product/cache/e23fd14dc6230ab5728f44b59382e708/0/3/03d8bd2285248c50f02d0245ecdc847a784399be369e5494d7b065b6e139c9dc.jpg,Farmacia Ahumada,paracetamol
Kitadol Kitadol 100 mg/mL x 15 mL Solución Oral Para Gotas,3495,paracetamol,https://cdn-ahumada.azureedge.net/catalog/product/cache/e23fd14dc6230ab5728f44b59382e708/2/e/2ef36a0f443b484779cca45a1426c98613568038a3c6c50397f21280e1d438cb.jpg,Farmacia Ahumada,paracetamol
Trio-Val Trioval X 100 Ml Suspensión Oral,16895,paracetamol,https://cdn-ahumada.azureedge.net/catalog/product/cache/e23fd14dc6230ab5728f44b59382e708/9/2/928f240f8dc763ef1d17e6e681085db4719c585883aa083612dc53a9eeb33b0f.jpg,Farmacia Ahumada,paracetamol
Trio-Val Trioval X 15 Ml Suspensión Oral Para Gotas,17195,paracetamol,https://cdn-ahumada.azureedge.net/catalog/product/cache/e23fd14dc6230ab5728f44b59382e708/4/e/4e70786fc15dc8c4b2f8154b7e9653a1439e0f2ef6f21920e55d8b610dd3efe8.jpg,Farmacia Ahumada,paracetamol
"Cronus Cronus 325 mg/37,5 mg x 20 Comprimidos Recubiertos",20995,paracetamol,https://cdn-ahumada.azureedge.net/catalog/product/cache/e23fd14dc6230ab5728f44b59382e708/8/1/81694b8724a37686402938868d0527acb268d2b45bddfb32966c9b51c4f0b6b6.jpg,Farmacia Ahumada,paracetamol
Trio-Val Trioval Día-Noche x 3 Sobres Polvo para Solución Oral,3595,paracetamol,https://cdn-ahumada.azureedge.net/catalog/product/cache/e23fd14dc6230ab5728f44b59382e708/0/3/03faf5cc6aa971ef03c680366b1ed4a1b21dc695b0d6306538dbcf029b0e73a2.jpg,Farmacia Ahumada,paracetamol
Trio-Val Trioval Dia-Noche x 20 Comprimidos Recubiertos,5995,paracetamol,https://cdn-ahumada.azureedge.net/catalog/product/cache/e23fd14dc6230ab5728f44b59382e708/1/9/193f20e35d1b7f2aae8de3dae327580fec425191127a36a8e54da3dfa6983e83.jpg,Farmacia Ahumada,paracetamol
Dropol Dropol 1 g x 20 Comprimidos Efervescentes,8695,paracetamol,https://cdn-ahumada.azureedge.net/catalog/product/cache/e23fd14dc6230ab5728f44b59382e708/6/f/6fc471036cec32ae02ef65c14ff578863fbec4632cd46bc87a53dbfffcc6eba8.jpg,Farmacia Ahumada,paracetamol
Gesidol Gesidol Infantil 100 mg/mL x 15 mL Solución Oral Para Gotas,2995,paracetamol,https://cdn-ahumada.azureedge.net/catalog/product/cache/e23fd14dc6230ab5728f44b59382e708/d/7/d7e1096d37b625c99b73b244eb377577c23bc5e9f41e042b698f950b5b267957.jpg,Farmacia Ahumada,paracetamol
Gesidol Gesidol Infantil 120 mg/5 mL x 100 mL Jarabe,10545,paracetamol,https://cdn-ahumada.azureedge.net/catalog/product/cache/e23fd14dc6230ab5728f44b59382e708/4/2/424ba25b6cec53c595e9feb84f26c7df3f841224d9115cb28285fca26908b54d.jpg,Farmacia Ahumada,paracetamol
Kitadol Kitadol 1 g x 18 Comprimidos,7828,paracetamol,https://cdn-ahumada.azureedge.net/catalog/product/cache/e23fd14dc6230ab5728f44b59382e708/b/3/b399d34f088138b0d41d84a6cc6ea3835c471f2981789148e27e1192d978e92c.jpg,Farmacia Ahumada,paracetamol
Kitadol Kitadol 160 mg x 16 Comprimidos Masticables,3745,paracetamol,https://cdn-ahumada.azureedge.net/catalog/product/cache/e23fd14dc6230ab5728f44b59382e708/7/e/7eccd7ab30f5ca97865458c6b2d5377c7426ffb907857b60266faeecf0e8501c.jpg,Farmacia Ahumada,paracetamol
Kitadol Kitadol 500 mg x 24 Comprimidos,995,paracetamol,https://cdn-ahumada.azureedge.net/catalog/product/cache/e23fd14dc6230ab5728f44b59382e708/8/3/83056b69ec575d3e9d78d2b63866f01c4c698c747ea5464d3c49133e6de51edd.jpg,Farmacia Ahumada,paracetamol
Panadol Panadol 100 mg/mL x 30 mL Solución para Gotas Orales,7095,paracetamol,https://cdn-ahumada.azureedge.net/catalog/product/cache/e23fd14dc6230ab5728f44b59382e708/f/c/fce53cd3bb606394e4035ac9bb196286eaecdcbe4a11e8913b1bac92610c499c.jpg,Farmacia Ahumada,paracetamol
Panadol Panadol 80 mg x 20 Comprimidos Masticables,5045,paracetamol,https://cdn-ahumada.azureedge.net/catalog/product/cache/e23fd14dc6230ab5728f44b59382e708/1/6/16962567ff127533c53e2717f1e120b20ef9c8dd76e6b25901e538c6c55437d4.jpg,Farmacia Ahumada,paracetamol
Panadol Panadol Advance 500 mg x 10 Comprimidos Recubiertos,2895,paracetamol,https://cdn-ahumada.azureedge.net/catalog/product/cache/e23fd14dc6230ab5728f44b59382e708/d/c/dcdd7d7deeb60db45192eff0c52eb43576e73807a637b6dc8f776b3016e4c00e.jpg,Farmacia Ahumada,paracetamol
Panadol Panadol Advance 500mg x 12 Comprimidos,3595,paracetamol,https://cdn-ahumada.azureedge.net/catalog/product/cache/e23fd14dc6230ab5728f44b59382e708/2/0/20b003be39936468dc3faf498c01ce274c5304ee961dced6dfb9a274e223d15c.jpg,Farmacia Ahumada,paracetamol
Panadol Panadol Advance 500mg x 48 Comprimidos,8195,paracetamol,https://cdn-ahumada.azureedge.net/catalog/product/cache/e23fd14dc6230ab5728f44b59382e708/c/a/ca981fbf9856129986e706c6568ef0ef8e284d36964182cb85412bcaaa78ea31.jpg,Farmacia Ahumada,paracetamol
Panadol Panadol Niños 100mg/Ml Gotas 15ml,4345,paracetamol,https://cdn-ahumada.azureedge.net/catalog/product/cache/e23fd14dc6230ab5728f44b59382e708/0/5/05fdd8ccddd0507d970b0da0886082d1247ac7e4959af0e775d57d7f4b5770d0.jpg,Farmacia Ahumada,paracetamol
Geniol Infantil Paracetamol 100 mg/mL Gotas 15 mL,2590,paracetamol,https://beta.cruzverde.cl/dw/image/v2/BDPM_PRD/on/demandware.static/-/Sites-masterCatalog_Chile/default/dw01b4fb56/images/large/256767-geniol-infantil-gotas-15-ml-paracetamol-100-mg-ml.jpg?sw=295&sh=295,Cruz Verde,paracetamol
Geniol Adultos Paracetamol 500 mg 20 Comprimidos,990,paracetamol,https://beta.cruzverde.cl/dw/image/v2/BDPM_PRD/on/demandware.static/-/Sites-masterCatalog_Chile/default/dw6ff1f78a/images/large/260536-geniol-adultos-analgesico-antipiretico-comprimido-20-unidades-paracetamol-500-mg.jpg?sw=295&sh=295,Cruz Verde,paracetamol
Tapsin Paracetamol 100 mg/ml Gotas 15 mL,2890,paracetamol,https://beta.cruzverde.cl/dw/image/v2/BDPM_PRD/on/demandware.static/-/Sites-masterCatalog_Chile/default/dwb3d6b394/images/large/72127-tapsin-gotas-15-ml-paracetamol-100-mg-ml.jpg?sw=295&sh=295,Cruz Verde,paracetamol
Gesidol Paracetamol 1 gr 20 Comprimidos,7190,paracetamol,https://beta.cruzverde.cl/dw/image/v2/BDPM_PRD/on/demandware.static/-/Sites-masterCatalog_Chile/default/dw0938b498/images/large/392102-gesidol-paracetamol-1-gr-20-comprimidos.jpg?sw=295&sh=295,Cruz Verde,paracetamol
Alividol Paracetamol 1000 mg 20 comprimidos,7207,paracetamol,https://beta.cruzverde.cl/dw/image/v2/BDPM_PRD/on/demandware.static/-/Sites-masterCatalog_Chile/default/dwd4eb83c0/images/large/541879-alividol-paracetamol-1000-mg-20-comprimidos.jpg?sw=295&sh=295,Cruz Verde,paracetamol
Alividol Paracetamol 500 mg 24 comprimido,990,paracetamol,https://beta.cruzverde.cl/dw/image/v2/BDPM_PRD/on/demandware.static/-/Sites-masterCatalog_Chile/default/dwffc30445/images/large/536642-alividol-paracetamol-500-mg-24-comprimido.png?sw=295&sh=295,Cruz Verde,paracetamol
Tapsin Puro Sin Cafeina Paracetamol 500 mg 16 Comprimidos,1190,paracetamol,https://beta.cruzverde.cl/dw/image/v2/BDPM_PRD/on/demandware.static/-/Sites-masterCatalog_Chile/default/dw0a03b750/images/large/266050-tapsin-puro-sin-cafeina-comprimido-16-unidades-paracetamol-500-mg.jpg?sw=295&sh=295,Cruz Verde,paracetamol
Geniol Caliente Noche Paracetamol 400 mg Solución Oral 1 Sobre,607,paracetamol,https://beta.cruzverde.cl/dw/image/v2/BDPM_PRD/on/demandware.static/-/Sites-masterCatalog_Chile/default/dw337db8a3/images/large/260734-geniol-caliente-noche-sobre-solucion-oral-paracetamol-50-mg.jpg?sw=295&sh=295,Cruz Verde,paracetamol
Geniol Caliente Día Paracetamol 400 mg Solución Oral 1 Sobre,607,paracetamol,https://beta.cruzverde.cl/dw/image/v2/BDPM_PRD/on/demandware.static/-/Sites-masterCatalog_Chile/default/dw18f90ad6/images/large/260733-geniol-caliente-dia-sobre-solucion-oral-paracetamol-400-mg.jpg?sw=295&sh=295,Cruz Verde,paracetamol
Predual 10 Comprimidos,1890,paracetamol,https://beta.cruzverde.cl/dw/image/v2/BDPM_PRD/on/demandware.static/-/Sites-masterCatalog_Chile/default/dw9285c943/images/large/13199-predual-10-comprimidos.jpg?sw=295&sh=295,Cruz Verde,paracetamol
Tapsin M Migraña Paracetamol 400 mg Cafeína 33 mg 10 Comprimidos,1990,paracetamol,https://beta.cruzverde.cl/dw/image/v2/BDPM_PRD/on/demandware.static/-/Sites-masterCatalog_Chile/default/dwe7915ca3/images/large/290830-tapsin-m-aas(aspirina)-65-mg-10-comprimidos.jpg?sw=295&sh=295,Cruz Verde,paracetamol
Tapsin Plus Noche Paracetamol 650 mg Solución Oral 1 Sobre,660,paracetamol,https://beta.cruzverde.cl/dw/image/v2/BDPM_PRD/on/demandware.static/-/Sites-masterCatalog_Chile/default/dwd5ad7c45/images/large/72203-tapsin-plus-noche-paract-50-mg-solucion-oral-1-sobre.jpg?sw=295&sh=295,Cruz Verde,paracetamol
Tapsin Niños Paracetamol 160 mg 16 Comprimidos Masticables,2390,paracetamol,https://beta.cruzverde.cl/dw/image/v2/BDPM_PRD/on/demandware.static/-/Sites-masterCatalog_Chile/default/dw0b5fa736/images/large/72214-tapsin-ninos-paracetamol-160-mg-16-comprimidos-masticable.jpg?sw=295&sh=295,Cruz Verde,paracetamol
Tapsin Día-Noche Plus Paracetamol 400 mg 18 Comprimidos Recubiertos,3590,paracetamol,https://beta.cruzverde.cl/dw/image/v2/BDPM_PRD/on/demandware.static/-/Sites-masterCatalog_Chile/default/dwfefdf0e9/images/large/254625-tapsin-dia-noche-+-plus-antigripal-comprimido-recubierto-18-unidades-paract-50-mg.jpg?sw=295&sh=295,Cruz Verde,paracetamol
Panadol Niños Paracetamol 160 mg / 5 mL Jarabe 90 mL,8390,paracetamol,https://beta.cruzverde.cl/dw/image/v2/BDPM_PRD/on/demandware.static/-/Sites-masterCatalog_Chile/default/dwaa17e7b1/images/large/524760-panadol-ni%C3%B1os.jpg?sw=295&sh=295,Cruz Verde,paracetamol
Tapsin Plus Día Paracetamol 650 mg Solución Oral 1 Sobre,660,paracetamol,https://beta.cruzverde.cl/dw/image/v2/BDPM_PRD/on/demandware.static/-/Sites-masterCatalog_Chile/default/dw1730f57e/images/large/72202-tapsin-plus-dia-paract-650-mg-solucion-oral-1-sobre.jpg?sw=295&sh=295,Cruz Verde,paracetamol
Tapsin Forte Paracetamol 650 mg 20 Comprimidos Recubiertos,2690,paracetamol,https://beta.cruzverde.cl/dw/image/v2/BDPM_PRD/on/demandware.static/-/Sites-masterCatalog_Chile/default/dw7a9a41e5/images/large/258320-tapsin-forte-comprimido-recubierto-20-unidades-paracetamol-650-mg.jpg?sw=295&sh=295,Cruz Verde,paracetamol
Tapsin Periodo Pamabrom 25 mg 12 Comprimidos,1590,paracetamol,https://beta.cruzverde.cl/dw/image/v2/BDPM_PRD/on/demandware.static/-/Sites-masterCatalog_Chile/default/dwcec0a00b/images/large/259891-tapsin-periodo-alivia-el-dolor-y-deshincha-comprimido-12-unidades-paracetamol-25-mg.jpg?sw=295&sh=295,Cruz Verde,paracetamol
Tapsin 1000 SC Paracetamol 1000 mg 20 Comprimidos Recubiertos,6152,paracetamol,https://beta.cruzverde.cl/dw/image/v2/BDPM_PRD/on/demandware.static/-/Sites-masterCatalog_Chile/default/dwddc39161/images/large/383406-tapsin-1000-sc-paracetamol-1000-mg-20-comprimidos-recubiertos.jpg?sw=295&sh=295,Cruz Verde,paracetamol
Xumadol Paracetamol 1000 mg 20 Comprimidos,7912,paracetamol,https://beta.cruzverde.cl/dw/image/v2/BDPM_PRD/on/demandware.static/-/Sites-masterCatalog_Chile/default/dw7c103e30/images/large/266145-xumadol-comprimido-20-unidades-paracetamol-1000-mg.jpg?sw=295&sh=295,Cruz Verde,paracetamol
"Doloten Tramadol 37,5 mg 30 Comprimidos Recubiertos",15192,paracetamol,https://beta.cruzverde.cl/dw/image/v2/BDPM_PRD/on/demandware.static/-/Sites-masterCatalog_Chile/default/dwd7534ef6/images/large/258403-doloten-comprimido-recubierto-30-unidades-tramadol-375-mg.jpg?sw=295&sh=295,Cruz Verde,paracetamol
Nastizol Compuesto Pseudoefedrina 30 mg/5 ml Jarabe 100 mL,9086,paracetamol,https://beta.cruzverde.cl/dw/image/v2/BDPM_PRD/on/demandware.static/-/Sites-masterCatalog_Chile/default/dwcd6cf0bc/images/large/9051-nastizol-compuesto-jarabe-100-ml-pseudoef-30-mg-5ml.jpg?sw=295&sh=295,Cruz Verde,paracetamol
Desdol Clorzoxazona 300 mg 20 Comprimidos,7896,paracetamol,https://beta.cruzverde.cl/dw/image/v2/BDPM_PRD/on/demandware.static/-/Sites-masterCatalog_Chile/default/dw5253bd7d/images/large/27176-desdol-clorzoxazona-300-mg-20-comprimidos.jpg?sw=295&sh=295,Cruz Verde,paracetamol
Brevex Paracetamol 300 mg 20 Comprimidos Recubiertos,11636,paracetamol,https://beta.cruzverde.cl/dw/image/v2/BDPM_PRD/on/demandware.static/-/Sites-masterCatalog_Chile/default/dw539f7e42/images/large/9113-brevex-comprimido-recubierto-20-unidades-clorzoxazona-300-mg.jpg?sw=295&sh=295,Cruz Verde,paracetamol
Nastizol Compuesto Pseudoefedrina 60 mg 10 Comprimidos,4921,paracetamol,https://beta.cruzverde.cl/dw/image/v2/BDPM_PRD/on/demandware.static/-/Sites-masterCatalog_Chile/default/dw897b6bd9/images/large/9088-nastizol-compuesto-comprimido-recubierto-10-unidades-pseudoef-60-mg.jpg?sw=295&sh=295,Cruz Verde,paracetamol
Nastizol Día-Noche Pseudoefedrina 60 mg 18 Comprimidos,3561,paracetamol,https://beta.cruzverde.cl/dw/image/v2/BDPM_PRD/on/demandware.static/-/Sites-masterCatalog_Chile/default/dw3742cfad/images/large/9212-nastizol-dia---noche-pseudoef-60-mg-18-comprimidos.jpg?sw=295&sh=295,Cruz Verde,paracetamol
Geniol Flu Pseudoefedrina 30 mg Jarabe 100 mL,5290,paracetamol,https://beta.cruzverde.cl/dw/image/v2/BDPM_PRD/on/demandware.static/-/Sites-masterCatalog_Chile/default/dwa75724d1/images/large/268732-geniol-flu-jarabe-100-ml-pseudoef-30-mg-5ml.jpg?sw=295&sh=295,Cruz Verde,paracetamol
Trio-Val Paracetamol 120 mg Gotas 15 mL,14423,paracetamol,https://beta.cruzverde.cl/dw/image/v2/BDPM_PRD/on/demandware.static/-/Sites-masterCatalog_Chile/default/dwf20f6b42/images/large/6105-trio-val-pseudoefedrina-75-mg-gotas-15-ml.jpg?sw=295&sh=295,Cruz Verde,paracetamol
Paracetamol 500 mg 16 Comprimidos,818,paracetamol,https://beta.cruzverde.cl/dw/image/v2/BDPM_PRD/on/demandware.static/-/Sites-masterCatalog_Chile/default/dw0e11d4d8/images/large/272241-paracetamol-500-mg-16-comprimidos.jpg?sw=295&sh=295,Cruz Verde,paracetamol
Gesidol Infantil Paracetamol 120 mg / 5 mL Jarabe 100 mL,9231,paracetamol,https://beta.cruzverde.cl/dw/image/v2/BDPM_PRD/on/demandware.static/-/Sites-masterCatalog_Chile/default/dwa92fe122/images/large/ND.jpg?sw=295&sh=295,Cruz Verde,paracetamol
Trio-Val Pseudoefedrina 30 mg Suspensión Oral 100 mL,14159,paracetamol,https://beta.cruzverde.cl/dw/image/v2/BDPM_PRD/on/demandware.static/-/Sites-masterCatalog_Chile/default/dw88f428de/images/large/6058-trio-val-suspension-100-ml-pseudoef-30-mg.jpg?sw=295&sh=295,Cruz Verde,paracetamol
"Zafin Tramadol 37,5 mg 28 Comprimidos Recubiertos",25511,paracetamol,https://beta.cruzverde.cl/dw/image/v2/BDPM_PRD/on/demandware.static/-/Sites-masterCatalog_Chile/default/dw7a242216/images/large/252758-zafin-comprimido-recubierto-28-unidades-tramadol-375-mg.jpg?sw=295&sh=295,Cruz Verde,paracetamol
Xumadol Paracetamol 1000 mg 20 Sobres Efervecente Granulado,8916,paracetamol,https://beta.cruzverde.cl/dw/image/v2/BDPM_PRD/on/demandware.static/-/Sites-masterCatalog_Chile/default/dwd3f38072/images/large/251075-xumadol-paracetamol-1000-mg-20-sobres-efervecente-granulado.jpg?sw=295&sh=295,Cruz Verde,paracetamol
"Nastizol Pediatrico Pseudoefedrina 7,5 mg / mL Gotas Orales 15 mL",11431,paracetamol,https://beta.cruzverde.cl/dw/image/v2/BDPM_PRD/on/demandware.static/-/Sites-masterCatalog_Chile/default/dwe35b0e6b/images/large/255611-nastizol-compuesto-pediatrico-(compositum)-gotas-orales-15-ml.jpg?sw=295&sh=295,Cruz Verde,paracetamol
Kitadol Infantil Paracetamol 100 mg Gotas 15 mL,3687,paracetamol,https://beta.cruzverde.cl/dw/image/v2/BDPM_PRD/on/demandware.static/-/Sites-masterCatalog_Chile/default/dw21c52e77/images/large/1355-kitadol-infantil-paracetamol-100-mg-gotas-15-ml.jpg?sw=295&sh=295,Cruz Verde,paracetamol
"Cronotan Efervescente Tramadol Clorhidrato 37,5 mg Paracetamol 325 mg 20 Comprimidos",11992,paracetamol,"https://beta.cruzverde.cl/dw/image/v2/BDPM_PRD/on/demandware.static/-/Sites-masterCatalog_Chile/default/dw138c99ff/images/large/541040-cronotan-efervescente-tramadol-clorhidrato-37,5-mg-paracetamol-325-mg-20-comprimidos-.jpg?sw=295&sh=295",Cruz Verde,paracetamol
Paracetamol 100 mg Gotas 15 mL,1927,paracetamol,https://beta.cruzverde.cl/dw/image/v2/BDPM_PRD/on/demandware.static/-/Sites-masterCatalog_Chile/default/dw94febf65/images/large/199085-paracetamol-100-mg-gotas-15-ml.jpg?sw=295&sh=295,Cruz Verde,paracetamol
Supracalm Paracetamol 1000 mg 20 Comprimidos Recubierto,10472,paracetamol,https://beta.cruzverde.cl/dw/image/v2/BDPM_PRD/on/demandware.static/-/Sites-masterCatalog_Chile/default/dwfba98bd6/images/large/87176-supracalm-comprimido-recubierto-20-unidades-paracetamol-1000-mg.jpg?sw=295&sh=295,Cruz Verde,paracetamol
"Kenatrum Tramadol 37,5 mg Paracetamol 325 mg 30 Comprimidos Recubiertos",10990,paracetamol,"https://beta.cruzverde.cl/dw/image/v2/BDPM_PRD/on/demandware.static/-/Sites-masterCatalog_Chile/default/dw90b57277/images/large/535496-kenatrum-tramadol-37,5-mg-paracetamol-325-mg-30-comprimidos-recubiertos.jpg?sw=295&sh=295",Cruz Verde,paracetamol
"Tramavolta 37,5/325 Tramadol 37,5 mg 30 Comprimidos",10516,paracetamol,https://beta.cruzverde.cl/dw/image/v2/BDPM_PRD/on/demandware.static/-/Sites-masterCatalog_Chile/default/dw06eaa240/images/large/292260-tramavolta-375325-tramadol-375-mg-30-comprimidos.jpg?sw=295&sh=295,Cruz Verde,paracetamol
Dropol Paracetamol 1000 mg 20 Comprimidos,7726,paracetamol,https://beta.cruzverde.cl/dw/image/v2/BDPM_PRD/on/demandware.static/-/Sites-masterCatalog_Chile/default/dwede42067/images/large/288548-dropol-paracetamol-1000-mg-20-comprimidos.jpg?sw=295&sh=295,Cruz Verde,paracetamol
"Zaldiar Tramadol 37,5 mg 20 Comprimidos Recubiertos",26127,paracetamol,https://beta.cruzverde.cl/dw/image/v2/BDPM_PRD/on/demandware.static/-/Sites-masterCatalog_Chile/default/dw5ba3f1d3/images/large/19258-zaldiar-comprimido-recubierto-20-unidades-tramadol-375-mg.jpg?sw=295&sh=295,Cruz Verde,paracetamol
Kitadol Paracetamol 120 mg/5ml Jarabe 60 mL,9891,paracetamol,https://beta.cruzverde.cl/dw/image/v2/BDPM_PRD/on/demandware.static/-/Sites-masterCatalog_Chile/default/dwccdb43fc/images/large/1390-kitadol-jarabe-60-ml-paracetamol-120-mg-5ml.jpg?sw=295&sh=295,Cruz Verde,paracetamol
"Cronus Tramadol 37,5 mg 20 Comprimidos",18207,paracetamol,https://beta.cruzverde.cl/dw/image/v2/BDPM_PRD/on/demandware.static/-/Sites-masterCatalog_Chile/default/dwb723f257/images/large/251788-cronus-comprimido-20-unidades-tramadol-375-mg.jpg?sw=295&sh=295,Cruz Verde,paracetamol
Geniol Pediatrico Paracetamol 80 mg 16 Comprimidos,1861,paracetamol,https://beta.cruzverde.cl/dw/image/v2/BDPM_PRD/on/demandware.static/-/Sites-masterCatalog_Chile/default/dwa2c5db60/images/large/193095-geniol-pediatrico-comprimido-16-unidades-paracetamol-80-mg.jpg?sw=295&sh=295,Cruz Verde,paracetamol
Geniol Flu Día-Noche Pseudoefedrina 60 mg 20 Comprimidos,3190,paracetamol,https://beta.cruzverde.cl/dw/image/v2/BDPM_PRD/on/demandware.static/-/Sites-masterCatalog_Chile/default/dwde7705d7/images/large/254298-geniol-flu-dia-noche-comprimido-recubierto-20-unidades-pseudoef-60-mg.jpg?sw=295&sh=295,Cruz Verde,paracetamol
Sevedol Ácido Acetilsalicilico 65 mg 12 Comprimidos,2455,paracetamol,https://beta.cruzverde.cl/dw/image/v2/BDPM_PRD/on/demandware.static/-/Sites-masterCatalog_Chile/default/dw07791154/images/large/276003-sevedol-comprimido-12-unidades-aas(aspirina)-65-mg.jpg?sw=295&sh=295,Cruz Verde,paracetamol
Congestex Paracetamol 400 mg 10 Cápsulas,9407,paracetamol,https://beta.cruzverde.cl/dw/image/v2/BDPM_PRD/on/demandware.static/-/Sites-masterCatalog_Chile/default/dw42b81f3d/images/large/4160-congestex-paracetam-60-mg-10-capsulas.jpg?sw=295&sh=295,Cruz Verde,paracetamol
Tapsin InstaFLU DN Paracetamol 500 mg Pseudoefedrina Clorhidrato 60 mg 12+6 Comprimidos,6063,paracetamol,https://beta.cruzverde.cl/dw/image/v2/BDPM_PRD/on/demandware.static/-/Sites-masterCatalog_Chile/default/dwd5ae0e19/images/large/255388-tapsin-instaflu-dn-paracetamol-500-mg-pseudoefedrina-clorhidrato-60-mg-12+6-comprimidos.jpg?sw=295&sh=295,Cruz Verde,paracetamol
Panadol Niños Paracetamol 100 mg / mL Gotas Orales 15 mL,3697,paracetamol,https://beta.cruzverde.cl/dw/image/v2/BDPM_PRD/on/demandware.static/-/Sites-masterCatalog_Chile/default/dw45544282/images/large/26011-panadol-ni%C3%B1os.jpg?sw=295&sh=295,Cruz Verde,paracetamol
Panadol Niños Paracetamol 160 mg / 5 mL Jarabe 60 mL,8151,paracetamol,https://beta.cruzverde.cl/dw/image/v2/BDPM_PRD/on/demandware.static/-/Sites-masterCatalog_Chile/default/dw085600af/images/large/26066-panadol-ni%C3%B1os.jpg?sw=295&sh=295,Cruz Verde,paracetamol
Paracetamol Infantil Paracetamol 80 mg 100 Comprimidos,519,paracetamol,https://beta.cruzverde.cl/dw/image/v2/BDPM_PRD/on/demandware.static/-/Sites-masterCatalog_Chile/default/dwba4e1382/images/large/225007-paracetamol-infantil-paracetamol-80-mg-100-comprimidos.jpg?sw=295&sh=295,Cruz Verde,paracetamol
Tapsin Analgésico Paracetamol 400 mg 12 Comprimidos,1394,paracetamol,https://beta.cruzverde.cl/dw/image/v2/BDPM_PRD/on/demandware.static/-/Sites-masterCatalog_Chile/default/dw4214e101/images/large/72222-tapsin-analgesico-comprimido-12-unidades-paracetamol-400-mg.jpg?sw=295&sh=295,Cruz Verde,paracetamol
Trio-Val Día/Noche Pseudoefedrina 60 mg 20 Comprimidos,4990,paracetamol,https://beta.cruzverde.cl/dw/image/v2/BDPM_PRD/on/demandware.static/-/Sites-masterCatalog_Chile/default/dw3d4cc4c2/images/large/6256-trio-val-dia-noche-comprimido-20-unidades-pseudoef-60-mg.jpg?sw=295&sh=295,Cruz Verde,paracetamol
Nastul Pseudoef 60 mg 10 Comprimidos,5095,paracetamol,https://beta.cruzverde.cl/dw/image/v2/BDPM_PRD/on/demandware.static/-/Sites-masterCatalog_Chile/default/dw244db72c/images/large/12137-nastul-pseudoef-60-mg-10-comprimidos.jpg?sw=295&sh=295,Cruz Verde,paracetamol
Paracetamol 125 mg 6 Supositorios,1267,paracetamol,https://beta.cruzverde.cl/dw/image/v2/BDPM_PRD/on/demandware.static/-/Sites-masterCatalog_Chile/default/dw2c91fded/images/large/199334-paracetamol-125-mg-6-supositorios.jpg?sw=295&sh=295,Cruz Verde,paracetamol
Tapsin Nocturno Paracetamol 500 mg 12 Comprimidos,1521,paracetamol,https://beta.cruzverde.cl/dw/image/v2/BDPM_PRD/on/demandware.static/-/Sites-masterCatalog_Chile/default/dw1ab5e6e8/images/large/72223-tapsin-nocturno-paracetamol-500-mg-12-comprimidos.jpg?sw=295&sh=295,Cruz Verde,paracetamol
Tapsin Analgésico Paracetamol 400 mg 6 Comprimidos,519,paracetamol,https://beta.cruzverde.cl/dw/image/v2/BDPM_PRD/on/demandware.static/-/Sites-masterCatalog_Chile/default/dwb6e88afd/images/large/72119-tapsin-analgesico-paracetamol-400-mg-600-comprimidos.jpg?sw=295&sh=295,Cruz Verde,paracetamol
Kitadol Paracetamol 160 mg 15 Comprimidos,3159,paracetamol,https://beta.cruzverde.cl/dw/image/v2/BDPM_PRD/on/demandware.static/-/Sites-masterCatalog_Chile/default/dwdfa480d6/images/large/252676-kitadol-paracetamol-160-mg-15-comprimidos.jpg?sw=295&sh=295,Cruz Verde,paracetamol
Panadol Pediatrico Paracetamol 80 mg 16 Comprimidos,2881,paracetamol,https://beta.cruzverde.cl/dw/image/v2/BDPM_PRD/on/demandware.static/-/Sites-masterCatalog_Chile/default/dw90dea7f1/images/large/26225-panadol-pediatrico-paracetamol-80-mg-16-comprimidos.jpg?sw=295&sh=295,Cruz Verde,paracetamol
Panadol Advance Paracetamol 500 mg 48 Comprimidos,6621,paracetamol,https://beta.cruzverde.cl/dw/image/v2/BDPM_PRD/on/demandware.static/-/Sites-masterCatalog_Chile/default/dw89b45e4e/images/large/532006-panadol-advance-paracetamol-500-mg-48-comprimidos.jpg?sw=295&sh=295,Cruz Verde,paracetamol
Tapsin Noche Compuesto Antigripal Paracetamol 400 mg Noscapina 10 mg Clorfenamina 4 mg Polvo para Soluc.Oral 1 Sobre Sabor Limon / Miel / Jengibre,695,paracetamol,https://beta.cruzverde.cl/dw/image/v2/BDPM_PRD/on/demandware.static/-/Sites-masterCatalog_Chile/default/dw51a4a399/images/large/300604-tapsin-noche-compuesto-antigripal-polvo-sobre.jpg?sw=295&sh=295,Cruz Verde,paracetamol
Kitadol Antigripal 18 Comprimidos Recubiertos Día/Noche (12 Día y 6 Noche),3775,paracetamol,https://beta.cruzverde.cl/dw/image/v2/BDPM_PRD/on/demandware.static/-/Sites-masterCatalog_Chile/default/dw73f814a0/images/large/544205-kitadol-antigripal-18-comprimidos-recubiertos-dianoche-12-dia-y-6-noche.jpg?sw=295&sh=295,Cruz Verde,paracetamol
Tapsin Forte Paracetamol 650 mg 30 Comprimidos Recibiertos con Tapa De Seguridad Childproof,3599,paracetamol,https://beta.cruzverde.cl/dw/image/v2/BDPM_PRD/on/demandware.static/-/Sites-masterCatalog_Chile/default/dwaadb86f2/images/large/299091-tapsin-forte-paracetamol-650-mg-30-comprimidos-recibiertos-con-tapa-de-seguridad-childproof.jpg?sw=295&sh=295,Cruz Verde,paracetamol
Tapsin Paracetamol 400 mg Cafeina 33 mg 30 Comprimidos con Tapa de Seguridad Childproof,2895,paracetamol,https://beta.cruzverde.cl/dw/image/v2/BDPM_PRD/on/demandware.static/-/Sites-masterCatalog_Chile/default/dw95a9cd9c/images/large/299186-tapsin-paracetamol-400-mg-cafeina-33-mg-30-comprimidos-con-tapa-de-seguridad-childproof.jpg?sw=295&sh=295,Cruz Verde,paracetamol
Congestex Paracetam 15 mg/5ml Jarabe 120 mL,9671,paracetamol,https://beta.cruzverde.cl/dw/image/v2/BDPM_PRD/on/demandware.static/-/Sites-masterCatalog_Chile/default/dw8a9ac3b1/images/large/4067-congestex-paracetam-15-mg5ml-jarabe-120-ml.jpg?sw=295&sh=295,Cruz Verde,paracetamol
Dolider Ácido Acetilsalicilico 65 mg 10 Comprimidos,3391,paracetamol,https://beta.cruzverde.cl/dw/image/v2/BDPM_PRD/on/demandware.static/-/Sites-masterCatalog_Chile/default/dw70c58914/images/large/41110-dolider-aas-65-mg-10-comprimidos.jpg?sw=295&sh=295,Cruz Verde,paracetamol
Tapsin Nocturno Paracetamol 500 mg 600 Comprimidos,607,paracetamol,https://beta.cruzverde.cl/dw/image/v2/BDPM_PRD/on/demandware.static/-/Sites-masterCatalog_Chile/default/dwb4f794d8/images/large/72198-tapsin-nocturno-paracetamol-500-mg-600-comprimidos.jpg?sw=295&sh=295,Cruz Verde,paracetamol
Tapsin SC Paracetamol 1000 mg Polvo para Soluc. Oral Efervescente 1 Sobre Sabor Limon,6990,paracetamol,https://beta.cruzverde.cl/dw/image/v2/BDPM_PRD/on/demandware.static/-/Sites-masterCatalog_Chile/default/dw497d65e9/images/large/387700-tapsin-sc-paracetamol-1000-mg-polvo-efervescente-sobre-sabor-limon.jpg?sw=295&sh=295,Cruz Verde,paracetamol
Nastigrip Antigripal Día-Noche Paracetamol 300 mg 18 Comprimidos,2103,paracetamol,https://beta.cruzverde.cl/dw/image/v2/BDPM_PRD/on/demandware.static/-/Sites-masterCatalog_Chile/default/dw5478cf37/images/large/272695-nastigrip-antigripal-dia-noche-comprimido-18-unidades-paracetamol-300-mg.jpg?sw=295&sh=295,Cruz Verde,paracetamol
Panadol Advance Paracetamol 500 mg 12 Comprimidos,2983,paracetamol,https://beta.cruzverde.cl/dw/image/v2/BDPM_PRD/on/demandware.static/-/Sites-masterCatalog_Chile/default/dw2716ebd9/images/large/399853-panadol-advance.jpg?sw=295&sh=295,Cruz Verde,paracetamol
Tapsin Dia Compuesto Antigripal Paracetamol 400 mg Noscapina 10 mg Cafeina 33 mg Polvo para Soluc.Oral 1 Sobre Sabor Limon / Miel / Jengibre,669,paracetamol,https://beta.cruzverde.cl/dw/image/v2/BDPM_PRD/on/demandware.static/-/Sites-masterCatalog_Chile/default/dw1f9a5a75/images/large/300607-tapsin-dia-compuesto-antigripal-polvo-sobre.jpg?sw=295&sh=295,Cruz Verde,paracetamol
Kitadol (B) Paracetamol 500mg 24 Comprimidos,1495.0,paracetamol,https://d1tjllbjmslitt.cloudfront.net/spree/products/47493/small/430924-2.jpg?1641476750,Salcobrand,paracetamol
Paracetamol (B) 16 Comprimidos,1143.0,paracetamol,https://d1tjllbjmslitt.cloudfront.net/spree/products/28695/small/432432.jpg?1641477870,Salcobrand,paracetamol
Ibuprofeno (B) 600 mg x 20 Comprimidos,1847.0,paracetamol,https://d1tjllbjmslitt.cloudfront.net/spree/products/86001/small/1768333.jpg?1671802354,Salcobrand,paracetamol
Paracetamol (B) 16 Comprimidos,1055.0,paracetamol,https://d1tjllbjmslitt.cloudfront.net/spree/products/36317/small/36333.jpg?1641477363,Salcobrand,paracetamol
Xumadol 1g. 20 Comprimidos,7919.0,paracetamol,https://d1tjllbjmslitt.cloudfront.net/spree/products/23240/small/340180.jpg?1641479941,Salcobrand,paracetamol
Paracetamol Gotas 15ml,1407.0,paracetamol,https://d1tjllbjmslitt.cloudfront.net/spree/products/28703/small/434052.jpg?1641477868,Salcobrand,paracetamol
Tapsin Caliente Limonada Noche 6 Sobres,3431.0,paracetamol,https://d1tjllbjmslitt.cloudfront.net/spree/products/24110/small/1993124.jpg?1641479893,Salcobrand,paracetamol
Tapsin Caliente Limonada Día 6 Sobres,3431.0,paracetamol,https://d1tjllbjmslitt.cloudfront.net/spree/products/24108/small/1990181.jpg?1641479893,Salcobrand,paracetamol
Kitadol Parcetamol Infantil 16 Comprimidos Masticables,3167.0,paracetamol,https://d1tjllbjmslitt.cloudfront.net/spree/products/26244/small/438063.1.jpg?1641479791,Salcobrand,paracetamol
Trio Val Día y Noche 20 Comprimidos,4929.0,paracetamol,https://d1tjllbjmslitt.cloudfront.net/spree/products/28405/small/2979381.jpg?1641479652,Salcobrand,paracetamol
Ibuprofeno (B) 400mg 20 Comprimidos Recubiertos,1319.0,paracetamol,https://d1tjllbjmslitt.cloudfront.net/spree/products/74720/small/1218000.jpg?1654888925,Salcobrand,paracetamol
Kitadol (B) Paracetamol 1g 18 Comprimidos,7831.0,paracetamol,https://d1tjllbjmslitt.cloudfront.net/spree/products/47514/small/435361-2.jpg?1641476749,Salcobrand,paracetamol
Kitadol Parcetamol Infantil Gotas 15ml,3607.0,paracetamol,https://d1tjllbjmslitt.cloudfront.net/spree/products/47497/small/430991-2.jpg?1641476750,Salcobrand,paracetamol
Kitadol Duo Ibuprofeno/Paracetamol 10 Comprimidos Recubiertos,3519.0,paracetamol,https://d1tjllbjmslitt.cloudfront.net/spree/products/66136/small/579036.jpg?1641491818,Salcobrand,paracetamol
Tapsin Caliente Limonada Noche 5 Grs.,615.0,paracetamol,https://d1tjllbjmslitt.cloudfront.net/spree/products/15864/small/1996965.jpg?1641480320,Salcobrand,paracetamol
Ibuprofeno (B) 600mg 20 Comprimidos,2727.0,paracetamol,https://d1tjllbjmslitt.cloudfront.net/spree/products/28716/small/437135.jpg?1641477867,Salcobrand,paracetamol
Ketorolaco 10mg 10 Comprimidos Recubiertos,1319.0,paracetamol,https://d1tjllbjmslitt.cloudfront.net/spree/products/28725/small/439841.jpg?1641477865,Salcobrand,paracetamol
Paracetamol Infantil 6 Supositorios,1319.0,paracetamol,https://d1tjllbjmslitt.cloudfront.net/spree/products/28686/small/431426.jpg?1641477871,Salcobrand,paracetamol
Panbio Test Antígeno Covid-19,9999.0,paracetamol,https://d1tjllbjmslitt.cloudfront.net/spree/products/65598/small/580821.jpg?1641328706,Salcobrand,paracetamol
Tapsin Caliente Limonada Día 5 Grs.,615.0,paracetamol,https://d1tjllbjmslitt.cloudfront.net/spree/products/15867/small/1991101.jpg?1641480320,Salcobrand,paracetamol
Nastizol Día-Noche 18 Comprimidos,3439.0,paracetamol,https://d1tjllbjmslitt.cloudfront.net/spree/products/28079/small/2590079.jpg?1641479681,Salcobrand,paracetamol
Tapsin Dn 12/6Com.,3519.0,paracetamol,https://d1tjllbjmslitt.cloudfront.net/spree/products/22712/small/1990216.jpg?1641479965,Salcobrand,paracetamol
Ibuprofeno (B) 400mg 20 Comprimidos,1671.0,paracetamol,https://d1tjllbjmslitt.cloudfront.net/spree/products/28715/small/437127.jpg?1641477867,Salcobrand,paracetamol
Kitadol Paracetamol Infantil Jarabe 60ml,9327.0,paracetamol,https://d1tjllbjmslitt.cloudfront.net/spree/products/47495/small/430983-2.jpg?1641476750,Salcobrand,paracetamol
Nenitos Pack Toallitas Húmedas 160 Unidades,2199.0,paracetamol,https://d1tjllbjmslitt.cloudfront.net/spree/products/58901/small/4100568.jpg?1641329081,Salcobrand,paracetamol
Test Rápido de Antígenos Covid-19,5999.0,paracetamol,https://d1tjllbjmslitt.cloudfront.net/spree/products/67388/small/3896262-1.jpg?1644002345,Salcobrand,paracetamol
Tapsin Caliente Antigripal Compuesto Día Limón 6 Sobres ,2639.0,paracetamol,https://d1tjllbjmslitt.cloudfront.net/spree/products/71797/small/579234.jpg?1651532283,Salcobrand,paracetamol
Gesidol Infantil (B) Paracetamol Gotas 15ml,2551.0,paracetamol,https://d1tjllbjmslitt.cloudfront.net/spree/products/42930/small/2350155_gesidol_100_mg.jpg?1641476999,Salcobrand,paracetamol
Vitamin C,2999.0,paracetamol,https://d1tjllbjmslitt.cloudfront.net/spree/products/32904/small/9032883.jpg?1641477636,Salcobrand,paracetamol
Xumadol 1g 20 Sobres Efervescentes,8975.0,paracetamol,https://d1tjllbjmslitt.cloudfront.net/spree/products/71819/small/340011.jpg?1651588757,Salcobrand,paracetamol
Ketoprofeno (B) 50mg 20 Cápsulas,2199.0,paracetamol,https://d1tjllbjmslitt.cloudfront.net/spree/products/27746/small/437795.jpg?1641479715,Salcobrand,paracetamol
Propóleo en Spray,3499.0,paracetamol,https://d1tjllbjmslitt.cloudfront.net/spree/products/22348/small/8093148_Propoleo30ML_nueva.jpg?1641479984,Salcobrand,paracetamol
Clorfenamina (B) 4mg 20 Comprimidos,879.0,paracetamol,https://d1tjllbjmslitt.cloudfront.net/spree/products/28697/small/432807.jpg?1641477869,Salcobrand,paracetamol
Ácido Mefenámico 500mg 10 Comprimidos,1583.0,paracetamol,https://d1tjllbjmslitt.cloudfront.net/spree/products/66694/small/437388.jpg?1642625676,Salcobrand,paracetamol
Viadil Forte Pargeverina 10mg/ml Oral Gotas 15ml,7039.0,paracetamol,https://d1tjllbjmslitt.cloudfront.net/spree/products/41463/small/7730698014869_1.jpg?1641477080,Salcobrand,paracetamol
Pack de Pétalos Algodón Desmaquillantes,2999.0,paracetamol,https://d1tjllbjmslitt.cloudfront.net/spree/products/69255/small/4102810_nuevo_2019_1.jpg?1646312732,Salcobrand,paracetamol
Broncard Levodropropizina 60mg/10ml Jarabe 120ml,11986.0,paracetamol,https://d1tjllbjmslitt.cloudfront.net/spree/products/33606/small/1722860.jpg?1641477588,Salcobrand,paracetamol
Fisiolimp Pediátrico 0.9 % Solución Nasal 30ml,5999.0,paracetamol,https://d1tjllbjmslitt.cloudfront.net/spree/products/4187/small/2501470.jpg?1641482460,Salcobrand,paracetamol
Kitadol Forte Paracetamol / Cafeína 10 Comprimidos Recubiertos,2903.0,paracetamol,https://d1tjllbjmslitt.cloudfront.net/spree/products/67214/small/430514.png?1643821436,Salcobrand,paracetamol
Propóleo de miel/eucaliptus en caramelos,1399.0,paracetamol,https://d1tjllbjmslitt.cloudfront.net/spree/products/28992/small/8099360_PROPOLEOMIELEUCALIPTUS.jpg?1641477852,Salcobrand,paracetamol
Tapsin (B) Paracetamol 1g 20 Comprimidos Recubiertos,6974.0,paracetamol,https://d1tjllbjmslitt.cloudfront.net/spree/products/92046/small/575992.jpg?1682704873,Salcobrand,paracetamol
Bisolvon Adulto Jarabe 125ml,4751.0,paracetamol,https://d1tjllbjmslitt.cloudfront.net/spree/products/74533/small/581952_-_Bisolvon_Adulto_1000x1000.jpg?1654637844,Salcobrand,paracetamol
Esomeprazol (B) 40mg 30 Comprimidos,4663.0,paracetamol,https://d1tjllbjmslitt.cloudfront.net/spree/products/37361/small/1768569.jpg?1641477300,Salcobrand,paracetamol
Acotol 28 Comprimidos Recubiertos,14607.0,paracetamol,https://d1tjllbjmslitt.cloudfront.net/spree/products/25708/small/2834786.jpg?1641479812,Salcobrand,paracetamol
Ketoprofeno 200mg 10 Comprimidos,3959.0,paracetamol,https://d1tjllbjmslitt.cloudfront.net/spree/products/43897/small/7800063111445_1.jpg?1641476941,Salcobrand,paracetamol
Engystol medicamento antiviral,19183.0,paracetamol,https://d1tjllbjmslitt.cloudfront.net/spree/products/31119/small/8270009.jpg?1641477768,Salcobrand,paracetamol
Loratadina (B) 10mg 30 Comprimidos,1407.0,paracetamol,https://d1tjllbjmslitt.cloudfront.net/spree/products/28705/small/434912.jpg?1641477868,Salcobrand,paracetamol
Supracalm (B) Paracetamol 20 Comprimidos,9955.0,paracetamol,https://d1tjllbjmslitt.cloudfront.net/spree/products/28532/small/3110454.jpg?1641477896,Salcobrand,paracetamol
Naproxeno (B) 550mg 10 Comprimidos Recubiertos,3519.0,paracetamol,https://d1tjllbjmslitt.cloudfront.net/spree/products/66188/small/437639.jpg?1641917671,Salcobrand,paracetamol
Gel Limpiador Espumoso,13499.0,paracetamol,https://d1tjllbjmslitt.cloudfront.net/spree/products/85546/small/5970106-1.jpg?1670971926,Salcobrand,paracetamol
